Components,Handlebars,Bars (without subcategories)
Components,Handlebars,BMX
Components,Handlebars,Gravel
Components,Handlebars,Mountain
Components,Handlebars,Road
Components,Handlebars,Spares & Accessories
Components,Batteries,Batteries (without subcategories)
Components,Batteries,Spares & Accessories
Components,Bearings,Bearings (without subcategories)
Components,Bearings,Spares & Accessories
Components,Bottom Brackets,Bottom Brackets (without subcategories)
Components,Bottom Brackets,Mountain
Components,Bottom Brackets,Spares & Accessories
Components,Brakes,Brakes (without subcategories)
Components,Brakes,Brake Sets
Components,Brakes,Calipers
Components,Brakes,Levers
Components,Brakes,Pads
Components,Brakes,Rotors
Components,Brakes,Spares & Accessories
Components,Build Kits,Build Kits (without subcategories)
Components,Cables,Cables (without subcategories)
Components,Cables,Cable Inner
Components,Cables,Cable Kits
Components,Cables,Cable Outer
Components,Cables,Spares & Accessories
Components,Cassette,Cassette (without subcategories)
Components,Cassette,Spares & Accessories
Components,Chain Guides,Chain Guides (without subcategories)
Components,Chain Guides,Spares & Accessories
Components,Chainrings,Chainrings (without subcategories)
Components,Chainrings,Idler Pulley
Components,Chainrings,Spares & Accessories
Components,Chainrings,Spiders
Components,Chains,Chains (without subcategories)
Components,Chains,Spares & Accessories
Components,Cranks,Cranks (without subcategories)
Components,Cranks,BMX
Components,Cranks,Mountain
Components,Cranks,Road
Components,Cranks,Spares & Accessories
Components,Cranksets,Cranksets (without subcategories)
Components,Cranksets,Spares & Accessories
Components,Derailleur,Derailleur (without subcategories)
Components,Derailleur,Hangers
Components,Derailleur,Spares & Accessories
Components,Dropper Posts,Dropper Posts (without subcategories)
Components,Dropper Posts,Spares & Accessories
Components,E-bike,E-bike (without subcategories)
Components,E-bike,Spares & Accessories
Components,Electronic Gearing,Electronic Gearing (without subcategories)
Components,Electronic Gearing,Spares & Accessories
Components,Forks,Forks (without subcategories)
Components,Forks,Spares & Accessories
Components,Groupsets,Groupsets (without subcategories)
Components,Headsets,Headsets (without subcategories)
Components,Headsets,Spares & Accessories
Components,Inner Tubes,Inner Tubes (without subcategories)
Components,Inner Tubes,Mountain
Components,Inner Tubes,Other
Components,Inner Tubes,Rim Tape
Components,Inner Tubes,Road
Components,Inner Tubes,Valve Caps
Components,Inner Tubes,Valves
Components,Inner Tubes,Youth Sizes
Components,Manufacturer Specific,Manufacturer Specific (without subcategories)
Components,Manufacturer Specific,Identiti
Components,Manufacturer Specific,Argon 18
Components,Manufacturer Specific,BMC
Components,Manufacturer Specific,Cane Creek
Components,Manufacturer Specific,Cannondale
Components,Manufacturer Specific,Chris King
Components,Manufacturer Specific,Cipollini
Components,Manufacturer Specific,Colnago
Components,Manufacturer Specific,Crankbrothers
Components,Manufacturer Specific,Cube
Components,Manufacturer Specific,DMR
Components,Manufacturer Specific,electra
Components,Manufacturer Specific,Fulcrum
Components,Manufacturer Specific,Gates
Components,Manufacturer Specific,Giant
Components,Manufacturer Specific,GT
Components,Manufacturer Specific,Mongoose
Components,Manufacturer Specific,Nukeproof
Components,Manufacturer Specific,Orbea
Components,Manufacturer Specific,Raleigh
Components,Manufacturer Specific,Salsa
Components,Manufacturer Specific,Saracen
Components,Manufacturer Specific,Schwalbe
Components,Manufacturer Specific,Scott
Components,Manufacturer Specific,Shimano
Components,Manufacturer Specific,Specialized
Components,Manufacturer Specific,Sram
Components,Manufacturer Specific,Sturmey Archer
Components,Manufacturer Specific,Tern
Components,Manufacturer Specific,Transition
Components,Manufacturer Specific,Trek
Components,Manufacturer Specific,We The People
Components,Pedals,Pedals (without subcategories)
Components,Pedals,BMX
Components,Pedals,Kids
Components,Pedals,Mountain
Components,Pedals,Road
Components,Pedals,Spares & Accessories
Components,Saddles,Saddles (without subcategories)
Components,Saddles,BMX
Components,Saddles,Covers
Components,Saddles,Leisure
Components,Saddles,Mountain
Components,Saddles,Road
Components,Saddles,Spares & Accessories
Components,Seatposts,Seatposts (without subcategories)
Components,Seatposts,Road
Components,Seatposts,Spares & Accessories
Components,Shifters,Shifters (without subcategories)
Components,Shifters,Spares & Accessories
Components,Stems,Stems (without subcategories)
Components,Stems,BMX
Components,Stems,Mountain
Components,Stems,Spares & Accessories
Components,Suspension,Suspension (without subcategories)
Components,Suspension,Forks
Components,Suspension,Shocks
Components,Suspension,Spares & Accessories
Components,Tyres,Tyres (without subcategories)
Components,Tyres,Adventure & Gravel
Components,Tyres,BMX
Components,Tyres,Cyclocross
Components,Tyres,Foam Inserts
Components,Tyres,Hybrid
Components,Tyres,Kid's/Youth Sizes
Components,Tyres,Mini
Components,Tyres,Mountain
Components,Tyres,Road
Components,Tyres,Spares & Accessories
Components,Tyres,Wheelchair
Components,Wheels,Wheels (without subcategories)
Components,Wheels,BMX
Components,Wheels,CX/Gravel
Components,Wheels,Freehub
Components,Wheels,Geared hub
Components,Wheels,Hubs
Components,Wheels,Hybrid
Components,Wheels,Mountain
Components,Wheels,Nipples
Components,Wheels,Rim Tape
Components,Wheels,Rim Tape & Strips
Components,Wheels,Rims
Components,Wheels,Road
Components,Wheels,Skewers & Axles
Components,Wheels,Spares & Accessories
Components,Wheels,Spokes
