Specialized,Aethos,Bikes,Road Bikes,Performance & Racing
Specialized,Allez,Bikes,Road Bikes,Performance & Racing
Specialized,Ariel,Bikes,Hybrid Bikes,Hybrid Bikes
Specialized,Chisel,Bikes,Mountain Bikes,Hardtail
Specialized,Como,Bikes,Electric Bikes,Electric Hybrid
Specialized,Como SL,Bikes,Electric Bikes,Electric Hybrid
Specialized,Creo,Bikes,Electric Bikes,Electric Road
Specialized,Creo SL,Bikes,Electric Bikes,Electric Road
Specialized,Crosstrail,Bikes,Hybrid Bikes,Hybrid Bikes
Specialized,Crux,Bikes,Road Bikes,Cyclocross
Specialized,Demo,Bikes,Mountain Bikes,Full Suspension
Specialized,Diverge,Bikes,Road Bikes,Adventure & Gravel
Specialized,Diverge STR,Bikes,Road Bikes,Adventure & Gravel
Specialized,Dolce,Bikes,Road Bikes,Endurance
Specialized,Enduro,Bikes,Mountain Bikes,Full Suspension
Specialized,Epic,Bikes,Mountain Bikes,Full Suspension
Specialized,Epic EVO,Bikes,Mountain Bikes,Full Suspension
Specialized,Epic HT,Bikes,Mountain Bikes,Hardtail
Specialized,Epic WC,Bikes,Mountain Bikes,Full Suspension
Specialized,Fatboy,Bikes,Mountain Bikes,Fat Bike
Specialized,Fuse,Bikes,Mountain Bikes,Hardtail
Specialized,Hotrock 20,Bikes,Kids Bikes,20 inch Wheel
Specialized,Hotrock 24,Bikes,Kids Bikes,24 inch Wheel
Specialized,Hotwalk,Bikes,Kids Bikes,Balance
Specialized,Jett 16,Bikes,Kids Bikes,16 inch Wheel
Specialized,Jett 20,Bikes,Kids Bikes,20 inch Wheel
Specialized,Jett 24,Bikes,Kids Bikes,24 inch Wheel
Specialized,Kenevo,Bikes,Electric Bikes,Electric Full Suspension Mountain
Specialized,Kenevo SL,Bikes,Electric Bikes,Electric Full Suspension Mountain
Specialized,Levo,Bikes,Electric Bikes,Electric Full Suspension Mountain
Specialized,Levo SL,Bikes,Electric Bikes,Electric Full Suspension Mountain
Specialized,P.3,Bikes,Mountain Bikes,Dirt Jump & Street Bikes
Specialized,Porto,Bikes,Electric Bikes,Electric Cargo
Specialized,Riprock 16,Bikes,Kids Bikes,16 inch Wheel
Specialized,Riprock 20,Bikes,Kids Bikes,20 inch Wheel
Specialized,Riprock 24,Bikes,Kids Bikes,24 inch Wheel
Specialized,Rockhopper,Bikes,Mountain Bikes,Hardtail
Specialized,Roll,Bikes,Hybrid Bikes,Hybrid Bikes
Specialized,Roubaix,Bikes,Road Bikes,Endurance
Specialized,Ruby,Bikes,Road Bikes,Endurance
Specialized,Sequoia,Bikes,Road Bikes,Adventure & Gravel
Specialized,Shiv,Bikes,Road Bikes,Triathlon
Specialized,Sirrus,Bikes,Hybrid Bikes,Hybrid Bikes
Specialized,Sirrus X,Bikes,Hybrid Bikes,Hybrid Bikes
Specialized,Status,Bikes,Mountain Bikes,Full Suspension
Specialized,Stumpjumper,Bikes,Mountain Bikes,Full Suspension
Specialized,Stumpjumper EVO,Bikes,Mountain Bikes,Full Suspension
Specialized,Tarmac,Bikes,Road Bikes,Performance & Racing
Specialized,Tero,Bikes,Electric Bikes,Electric Hardtail Mountain
Specialized,Tero X,Bikes,Electric Bikes,Electric Full Suspension Mountain
Specialized,Vado,Bikes,Electric Bikes,Electric Hybrid
Specialized,Vado SL,Bikes,Electric Bikes,Electric Hybrid
Specialized,Venge,Bikes,Road Bikes,Performance & Racing
