,,Cube
CUBE AIM BLACK/BLUE 2023,,Cube
CUBE AIM MISTYGREEN/BLACK 2023,,Cube
CUBE AIM ALLROAD NAVYBLACK/BLUE 2023,,Cube
CUBE AIM ALLROAD BRICKRED/BLACK 2023,,Cube
CUBE AIM PRO GREY/FLASHYELLOW 2023,,Cube
CUBE AIM PRO SHIFTVERDE/BLACK 2023,,Cube
CUBE AIM RACE BLACK/AZURE 2023,,Cube
CUBE AIM RACE OLIVE/BLACK 2023,,Cube
CUBE AIM RACE ALLROAD FLASHGREY/BLACK 2023,,Cube
CUBE AIM RACE ALLROAD BLUE/BLACK 2023,,Cube
CUBE AIM EX GREY/RED 2023,,Cube
CUBE AIM EX CARAMEL/BLACK 2023,,Cube
CUBE AIM SLX GRAPHITE/METAL 2023,,Cube
CUBE AIM SLX WHITE/BLUE/RED 2023,,Cube
CUBE AIM SLX ALLROAD GREY/BLACK 2023,,Cube
CUBE AIM SLX ALLROAD PETROL/BLACK 2023,,Cube
CUBE ANALOG FLASHGREY/RED 2023,,Cube
CUBE ANALOG FLASHLIME/BLACK 2023,,Cube
CUBE ATTENTION SWAMPGREY/BLACK 2023,,Cube
CUBE ATTENTION FIREORANGE/BLACK 2023,,Cube
CUBE ATTENTION SLX SILVERGREY/LIME 2023,,Cube
CUBE ATTENTION SLX SEA/ORANGE 2023,,Cube
CUBE ACID GREY/PEARLGREY 2023,,Cube
CUBE ACID METALOLIVE/BLACK 2023,,Cube
CUBE REACTION PRO METALBLACK/BLACK 2023,,Cube
CUBE REACTION PRO SWITCHBLUE/BLACK 2023,,Cube
CUBE REACTION TM CARAMEL/BLACK 2023,,Cube
CUBE REACTION C:62 ONE CARBON/WHITE 2023,,Cube
CUBE REACTION C:62 ONE AQUAMARINE/BLACK 2023,,Cube
CUBE REACTION C:62 PRO GREY/METAL 2023,,Cube
CUBE REACTION C:62 PRO WHITE/BLUE/RED 2023,,Cube
CUBE REACTION C:62 RACE BLUEHAZE/BLACK 2023,,Cube
CUBE REACTION C:62 RACE FIREORANGE/BLACK 2023,,Cube
CUBE ELITE C:62 ONE CARBON/BLACK 2023,,Cube
CUBE ELITE C:62 PRO SILVER/CARBON 2023,,Cube
CUBE ELITE C:68X RACE LIQUIDRED/CARBON 2023,,Cube
CUBE ELITE C:68X SLX TEAMLINE 2023,,Cube
CUBE ELITE C:68X SLT LIQUIDBLUE/BLUE 2023,,Cube
CUBE ELITE C:68X SLT TEAMLINE 2023,,Cube
CUBE FLYING CIRCUS GALACTIC/BLACK 2023,,Cube
CUBE CUBIE 120 WALK LIGHTBLUE/WHITE 2023,,Cube
CUBE CUBIE 120 WALK ACTIONTEAM 2023,,Cube
CUBE CUBIE 120 RT GREY/RED 2023,,Cube
CUBE CUBIE 120 RT CREMEWHITE/ROSE 2023,,Cube
CUBE NUMOVE 120 WALK BLACK/ORANGE 2023,,Cube
CUBE NUMOVE 120 WALK BLUE/LIME 2023,,Cube
CUBE NUMOVE 120 WALK FLASHWHITE/PINK 2023,,Cube
CUBE NUMOVE 140 BLACK/ORANGE 2023,,Cube
CUBE NUMOVE 140 BLUE/LIME 2023,,Cube
CUBE NUMOVE 140 FLASHWHITE/PINK 2023,,Cube
CUBE CUBIE 160 RT GREEN/BLACK 2023,,Cube
CUBE CUBIE 160 RT ROSE/CORAL 2023,,Cube
CUBE CUBIE 160 RT GREY/RED 2023,,Cube
CUBE CUBIE 160 ACTIONTEAM 2023,,Cube
CUBE CUBIE 160 GREEN/RED 2023,,Cube
CUBE CUBIE 180 SLX TEAMLINE 2023,,Cube
CUBE CUBIE 180 SLX VIOLET/CORAL 2023,,Cube
CUBE NUMOVE 200 BLACK/ORANGE 2023,,Cube
CUBE NUMOVE 200 BLUE/LIME 2023,,Cube
CUBE NUMOVE 200 FLASHWHITE/PINK 2023,,Cube
CUBE ACID 200 GREY/RED 2023,,Cube
CUBE ACID 200 BLUE/ORANGE 2023,,Cube
CUBE ACID 200 GREEN/WHITE 2023,,Cube
CUBE ACID 200 DISC BLACK/GREEN 2023,,Cube
CUBE ACID 200 DISC BLUE/CORAL 2023,,Cube
CUBE ACID 200 DISC ACTIONTEAM 2023,,Cube
CUBE ACID 200 SLX TEAMLINE 2023,,Cube
CUBE ACID 200 SLX VIOLET/CORAL 2023,,Cube
CUBE REACTION 200 PRO TEAMLINE 2023,,Cube
CUBE ACID 200 ALLROAD BLACK/MINT 2023,,Cube
CUBE ACID 200 ALLROAD PURPLE/ORANGE 2023,,Cube
CUBE ACID 200 DISC ALLROAD WHITE/BLUE 2023,,Cube
CUBE ACID 200 STREET BLUE/LINDGREEN 2023,,Cube
CUBE ELLA 200 PURPLE/CORAL 2023,,Cube
CUBE NUMOVE 240 BLACK/ORANGE 2023,,Cube
CUBE NUMOVE 240 BLUE/LIME 2023,,Cube
CUBE NUMOVE 240 FLASHWHITE/PINK 2023,,Cube
CUBE ACID 240 SLX TEAMLINE 2023,,Cube
CUBE ACID 240 SLX VIOLET/CORAL 2023,,Cube
CUBE ACID 240 DESERT/ORANGE 2023,,Cube
CUBE ACID 240 GREEN/PINE 2023,,Cube
CUBE ACID 240 CORAL/MINT 2023,,Cube
CUBE ACID 240 DISC GREEN/ORANGE 2023,,Cube
CUBE ACID 240 DISC ACTIONTEAM 2023,,Cube
CUBE ACID 240 DISC BLACK/GREEN 2023,,Cube
CUBE REACTION 240 PRO TEAMLINE 2023,,Cube
CUBE REACTION 240 SLX TEAMLINE 2023,,Cube
CUBE REACTION 240 TM GREY/OLIVE 2023,,Cube
CUBE FLYING CIRCUS 240 GALACTIC/BLACK 2023,,Cube
CUBE ELITE 240 C:62 PRO CARBON/BLUE/RED 2023,,Cube
CUBE ELITE 240 C:62 SLX CARBON/BLUE/RED 2023,,Cube
CUBE ACID 240 ALLROAD ARCTICBLUE/MINT 2023,,Cube
CUBE ACID 240 ALLROAD LEAF/ORANGE 2023,,Cube
CUBE ACID 240 DISC ALLROAD WHITE/BLUE 2023,,Cube
CUBE ACID 240 STREET BLACK/YELLOW 2023,,Cube
CUBE ELLA 240 LUNAR/SALMON 2023,,Cube
CUBE ACID 260 BLACK/YELLOW 2023,,Cube
CUBE ACID 260 BLUE/RED 2023,,Cube
CUBE ACID 260 ALLROAD GREY/ORANGE 2023,,Cube
CUBE ACID 260 DISC GREEN/BLUE 2023,,Cube
CUBE ACID 260 DISC MINT/BLUE 2023,,Cube
CUBE ACID 260 DISC ACTIONTEAM 2023,,Cube
CUBE ACID 260 DISC BLACK/GREEN 2023,,Cube
CUBE ACCESS WS DARKPURPLE/PINK 2023,,Cube
CUBE ACCESS WS AIRYGREEN/MINT 2023,,Cube
CUBE ACCESS WS ALLROAD REED/BERRY 2023,,Cube
CUBE ACCESS WS EAZ SHIFTIRIS/BLACK 2023,,Cube
CUBE ACCESS WS EAZ BLUSH/SILVER 2023,,Cube
CUBE ACCESS WS EXC EUCALYPTUS/BLACK 2023,,Cube
CUBE ACCESS WS EXC LIGHTGREY/ROSE 2023,,Cube
CUBE ACCESS WS PRO SIENNA/BLUSH 2023,,Cube
CUBE ACCESS WS PRO GALACTIC/BLACK 2023,,Cube
CUBE ACCESS WS PRO ALLROAD FLAREBLUE/BLACK 2023,,Cube
CUBE ACCESS WS RACE SPARKGREEN/OLIVE 2023,,Cube
CUBE ACCESS WS RACE SAGEMETALLIC/PETROL 2023,,Cube
CUBE ACCESS WS SLX GREY/SILVER 2023,,Cube
CUBE ACCESS WS SLX SHIFTPURPLE/BLACK 2023,,Cube
CUBE ACCESS WS C:62 PRO GALACTIC/GREY 2023,,Cube
CUBE ACCESS WS C:62 SLX TEAM WS 2023,,Cube
CUBE AXIAL WS GREYROSE/BLUSH 2023,,Cube
CUBE AXIAL WS PRO GREYSAGE/MINT 2023,,Cube
CUBE AXIAL WS RACE METALBLACK/RAINBOW 2023,,Cube
CUBE AXIAL WS GTC PRO SWITCHGREY/CARBON 2023,,Cube
CUBE AXIAL WS GTC SLX SWITCHORCHID/CARBON 2023,,Cube
CUBE AXIAL WS C:62 SLX TEAM WS 2023,,Cube
CUBE NUROAD WS LIGHTGREY/ROSE 2023,,Cube
CUBE NUROAD WS C:62 PRO SMOKEYBLUSH/GREY 2023,,Cube
CUBE NATURE GRAPHITE/BLACK 2023,,Cube
CUBE NATURE SHINYMOSS/BLACK 2023,,Cube
CUBE NATURE PRO FROSTHWITE/GREY 2023,,Cube
CUBE NATURE PRO GOLD/BLACK 2023,,Cube
CUBE NATURE EXC POLARSILVER/BLACK 2023,,Cube
CUBE NATURE EXC VERDE/BLACK 2023,,Cube
CUBE NATURE SLX GREY/BLACK 2023,,Cube
CUBE NATURE SLX GALACTIC/BLACK 2023,,Cube
CUBE NATURE ALLROAD GRAPHITE/BLACK 2023,,Cube
CUBE NATURE ALLROAD SHINYMOSS/BLACK 2023,,Cube
CUBE NATURE PRO ALLROAD FROSTWHITE/GREY 2023,,Cube
CUBE NATURE PRO ALLROAD GOLD/BLACK 2023,,Cube
CUBE NATURE EXC ALLROAD POLARSILVER/BLACK 2023,,Cube
CUBE NATURE EXC ALLROAD VERDE/BLACK 2023,,Cube
CUBE HYDE METALGREY/BLACK 2023,,Cube
CUBE HYDE PRO METALGREEN/BLACK 2023,,Cube
CUBE HYDE RACE GALACTIC/BLACK 2023,,Cube
CUBE EDITOR METALBLUE/BLACK 2023,,Cube
CUBE TOURING ONE GREY/SAND 2023,,Cube
CUBE TOURING ONE STONEGREY/FLASHGREY 2023,,Cube
CUBE TOURING BLACK/METAL 2023,,Cube
CUBE TOURING METALPETROL/GREEN 2023,,Cube
CUBE TOURING PRO PEARLYSILVER/BLACK 2023,,Cube
CUBE TOURING EXC GREY/METAL 2023,,Cube
CUBE TOURING EXC RED/WHITE 2023,,Cube
CUBE KATHMANDU PRO GREY/BLACK 2023,,Cube
CUBE KATHMANDU PRO FLASHSTONE/BLACK 2023,,Cube
CUBE KATHMANDU EXC DARKGREY/GREY 2023,,Cube
CUBE KATHMANDU SLX PRIZMSILVER/BLACK 2023,,Cube
CUBE TOWN GREY/BLACK 2023,,Cube
CUBE TOWN RED/GREY 2023,,Cube
CUBE ELLA CRUISE METALLICSTONE/GREY 2023,,Cube
CUBE ELLA CRUISE TWINKLE/CREAM 2023,,Cube
CUBE ELLA RIDE GREEN/GREEN 2023,,Cube
CUBE ELLA RIDE HONEY/WHITE 2023,,Cube
CUBE TRAVEL MIRRORRED/BLACK 2023,,Cube
CUBE TRAVEL PRO DENIM/SILVER 2023,,Cube
CUBE TRAVEL EXC OATGREY/TAUPE 2023,,Cube
CUBE TRAVEL SLX OLIVE/BLACK 2023,,Cube
CUBE NULANE VELVETBLUE/BLACK 2023,,Cube
CUBE NULANE PRO GREY/BLACK 2023,,Cube
CUBE NULANE RACE RUBYRED/BLACK 2023,,Cube
CUBE NULANE SLX SKYGREY/BLACK 2023,,Cube
CUBE NULANE C:62 SLT PRIZMSILVER/BLACK 2023,,Cube
CUBE NULANE PRO FE GREY/BLACK 2023,,Cube
CUBE NULANE RACE FE RUBYRED/BLACK 2023,,Cube
CUBE AMS ZERO99 C:68X RACE 29 SILVER/BLACK 2023,,Cube
CUBE AMS ZERO99 C:68X SLX 29 TEAMLINE 2023,,Cube
CUBE AMS ZERO99 C:68X SLT 29 LIQUIDBLUE/BLUE 2023,,Cube
CUBE AMS ZERO99 C:68X SLT 29 TEAMLINE 2023,,Cube
CUBE AMS ONE11 C:68X PRO 29 LIQUIDRED/CARBON 2023,,Cube
CUBE AMS ONE11 C:68X TM 29 FLASHGREY/OLIVE 2023,,Cube
CUBE STEREO ONE22 PRO SWAMPGREY/BLACK 2023,,Cube
CUBE STEREO ONE22 PRO FIREORANGE/BLACK 2023,,Cube
CUBE STEREO ONE22 RACE BLACK ANODIZED 2023,,Cube
CUBE STEREO ONE22 RACE MAYABLUE/BLACK 2023,,Cube
CUBE STEREO ONE22 HPC TM 29 FLASHGREY/OLIVE 2023,,Cube
CUBE STEREO ONE22 HPC EX 29 CARBON/BLACK 2023,,Cube
CUBE STEREO ONE22 HPC EX 29 NEBULA/BLUE 2023,,Cube
CUBE STEREO ONE22 HPC SLT 29 PRIZMSILVER/GREY 2023,,Cube
CUBE STEREO ONE44 C:62 PRO CARBON/BLACK 2023,,Cube
CUBE STEREO ONE44 C:62 PRO MAYABLUE/BLACK 2023,,Cube
CUBE STEREO ONE44 C:62 RACE SWAMPGREY/BLACK 2023,,Cube
CUBE STEREO ONE44 C:68X SLX FROSTWHITE/BLACK 2023,,Cube
CUBE STEREO ONE44 C:68X SLX WINE/GREY 2023,,Cube
CUBE STEREO ONE44 C:68X SLT LIQUIDBLUE/BLACK 2023,,Cube
CUBE STEREO ONE55 C:62 RACE 29 LIGHTGREY/GREY 2023,,Cube
CUBE STEREO ONE55 C:62 SLX 29 BONDIBLUE/GREY 2023,,Cube
CUBE STEREO ONE55 C:62 TM 29 OLIVE/CHROME 2023,,Cube
CUBE STEREO ONE55 C:66 SLT 29 CARBON/BLACK 2023,,Cube
CUBE STEREO ONE77 PRO 29 BLACK ANODIZED 2023,,Cube
CUBE STEREO ONE77 RACE 29 BONDIBLUE/GREY 2023,,Cube
CUBE STEREO ONE77 C:68X TM 29 OLIVE/CHROME 2023,,Cube
CUBE STEREO ONE77 C:68X SLX 29 ACTIONTEAM 2023,,Cube
CUBE STEREO ONE77 C:68X SLT 29 FLASHWHITE/GREY 2023,,Cube
CUBE TWO15 PRO 27.5 GREY/BLACK 2023,,Cube
CUBE TWO15 RACE 27.5 LIGHTOLIVE/BLACK 2023,,Cube
CUBE TWO15 HPC SLX 29 SWAMPGREY/BLACK 2023,,Cube
CUBE TWO15 HPC SLT 29 CARBON/BLACK 2023,,Cube
CUBE STEREO 240 PRO GREY/GREEN 2023,,Cube
CUBE STEREO 240 ONE ACTIONTEAM 2023,,Cube
CUBE STEREO 120 ROOKIE ACTIONTEAM 2023,,Cube
CUBE STEREO 140 HPC HPC ROOKIE FLASHGREY/OLIVE 2023,,Cube
CUBE NUROAD ROOKIE SMOKEYFIR/ORANGE 2023,,Cube
CUBE ELITE C:62 SLX ROOKIE CARBON/BLUE/RED 2023,,Cube
CUBE ATTAIN DEEPBLUE/WHITE 2023,,Cube
CUBE ATTAIN PRO SILVER/ORANGE 2023,,Cube
CUBE ATTAIN RACE BLACK/WHITE 2023,,Cube
CUBE ATTAIN RACE BLUE/SPECTRAL 2023,,Cube
CUBE ATTAIN SLX GREY/BLACK 2023,,Cube
CUBE ATTAIN SLX DEEPRED/RED 2023,,Cube
CUBE ATTAIN GTC RACE FLASHWHITE/BLACK 2023,,Cube
CUBE ATTAIN GTC SLX CARBON/BLACK 2023,,Cube
CUBE ATTAIN GTC SLX FROZENTEAL/BLACK 2023,,Cube
CUBE AGREE C:62 GREY/BLACK 2023,,Cube
CUBE AGREE C:62 PRO WHITE/ORANGE 2023,,Cube
CUBE AGREE C:62 RACE CARBON/BLACK 2023,,Cube
CUBE AGREE C:62 RACE FIREORANGE/BLACK 2023,,Cube
CUBE AGREE C:62 SLX LIQUIDBLUE/BLUE 2023,,Cube
CUBE AGREE C:62 SLT SILVER/BLACK 2023,,Cube
CUBE LITENING AERO C:68X PRO CARBON/BLACK 2023,,Cube
CUBE LITENING AERO C:68X RACE TEAMLINE 2023,,Cube
CUBE LITENING AERO C:68X SLX GOBLIN/YELLOW 2023,,Cube
CUBE LITENING AERO C:68X SLT PRIZMBLUE/BLACK 2023,,Cube
CUBE LITENING AERO C:68X SLT TEAMLINE 2023,,Cube
CUBE LITENING AERO C:68X FRAMESET TEAM WANTY REPLIKA 2023,,Cube
CUBE LITENING AIR C:68X RACE LIQUIDRED/CARBON 2023,,Cube
CUBE LITENING AIR C:68X SLX ELECTRICBLUE/BLUE 2023,,Cube
CUBE LITENING AIR C:68X SLT CARBON/RAINBOW 2023,,Cube
CUBE LITENING AIR C:68X FRAMESET TEAM WANTY REPLIKA 2023,,Cube
CUBE LITENING AIR C:68X FRAMESET LIMITED EDITION 2023,,Cube
CUBE NUROAD SKYGREY/BLACK 2023,,Cube
CUBE NUROAD FE DEEPBLUE/METALGREY 2023,,Cube
CUBE NUROAD PRO METALBLACK/GREY 2023,,Cube
CUBE NUROAD PRO METALMOSS/BLACK 2023,,Cube
CUBE NUROAD PRO FE METALBLACK/GREY 2023,,Cube
CUBE NUROAD EX CARAMEL/BLACK 2023,,Cube
CUBE NUROAD RACE GREY/BLACK 2023,,Cube
CUBE NUROAD RACE BLUE/BLACK 2023,,Cube
CUBE NUROAD RACE FE GREY/BLACK 2023,,Cube
CUBE NUROAD C:62 PRO GREY/BLACK 2023,,Cube
CUBE NUROAD C:62 RACE FROZENTEAL/BLACK 2023,,Cube
CUBE NUROAD C:62 SLX OLIVE/GREEN 2023,,Cube
CUBE NUROAD C:62 SLT LIQUIDRED/RED 2023,,Cube
CUBE AERIUM C:68 TT SLX LOW PRISMAGREY/CARBON 2023,,Cube
CUBE AERIUM C:68 TT SLX HIGH PRISMAGREY/CARBON 2023,,Cube
CUBE AERIUM C:68X SLX LOW COLOR1 2023,,Cube
CUBE AERIUM C:68X SLX HIGH COLOR1 2023,,Cube
CUBE AERIUM C:68X SLT LOW COLOR1 2023,,Cube
CUBE AERIUM C:68X SLT HIGH COLOR1 2023,,Cube
CUBE AERIUM C:68X FRAMESET LOW COLOR1 2023,,Cube
CUBE AERIUM C:68X FRAMESET HIGH COLOR1 2023,,Cube
CUBE AERIUM C:68 TT FRAMESET LOW PRISMAGREY/CARBON 2023,,Cube
CUBE AERIUM C:68 TT FRAMESET HIGH PRISMAGREY/CARBON 2023,,Cube
CUBE CROSS RACE FLASHPETROL/GREEN 2023,,Cube
CUBE CROSS RACE PRO GREY/RED 2023,,Cube
CUBE CROSS RACE C:62 PRO SWAMPGREY/ORANGE 2023,,Cube
CUBE CROSS RACE C:62 SLX TEAMLINE 2023,,Cube
CUBE CROSS RACE C:68X SLT PRIZMBLUE/CARBON 2023,,Cube
CUBE CROSS RACE C:68X TE LIQUIDBLUE/FLASHYELLOW 2023,,Cube
CUBE CROSS RACE C:68X TE TEAMLINE 2023,,Cube
701100,,Cube
701110,,Cube
701200,,Cube
701210,,Cube
701300,,Cube
701310,,Cube
701400,,Cube
701410,,Cube
701420,,Cube
701430,,Cube
701450,,Cube
701460,,Cube
701500,,Cube
701510,,Cube
701600,,Cube
701610,,Cube
702100,,Cube
702110,,Cube
703100,,Cube
703110,,Cube
703150,,Cube
703160,,Cube
704100,,Cube
704110,,Cube
712100,,Cube
712110,,Cube
716050,,Cube
716060,,Cube
716100,,Cube
716110,,Cube
716300,,Cube
716310,,Cube
717020,,Cube
717050,,Cube
717200,,Cube
717300,,Cube
717350,,Cube
718300,,Cube
720300,,Cube
720301,,Cube
720302,,Cube
720600,,Cube
720601,,Cube
720602,,Cube
720700,,Cube
720800,,Cube
720801,,Cube
720802,,Cube
720860,,Cube
721400,,Cube
721401,,Cube
721600,,Cube
721601,,Cube
721610,,Cube
721650,,Cube
721651,,Cube
721652,,Cube
721660,,Cube
721800,,Cube
721801,,Cube
721810,,Cube
721850,,Cube
721851,,Cube
721852,,Cube
721860,,Cube
721900,,Cube
721901,,Cube
722600,,Cube
722800,,Cube
722810,,Cube
722830,,Cube
CUBE ELITE 240 C:62 PRO CARBON/BLUE/RED 2025,,Cube
CUBE ELITE 240 C:62 SLX CARBON/BLUE/RED 2025,,Cube
725100,,Cube
725110,,Cube
725150,,Cube
725200,,Cube
725210,,Cube
725300,,Cube
725310,,Cube
725400,,Cube
725410,,Cube
725450,,Cube
725500,,Cube
725510,,Cube
725600,,Cube
725610,,Cube
726200,,Cube
726300,,Cube
729100,,Cube
729200,,Cube
729300,,Cube
729400,,Cube
729500,,Cube
729600,,Cube
729700,,Cube
729800,,Cube
729900,,Cube
730050,,Cube
730060,,Cube
730070,,Cube
731060061062,,Cube
731070071072,,Cube
731080081082,,Cube
731100101102,,Cube
731110111112,,Cube
731150151152,,Cube
731160161162,,Cube
731180181182,,Cube
731190191192,,Cube
731210211212,,Cube
731220221222,,Cube
731250251252,,Cube
731270271272,,Cube
731300301302,,Cube
731310311312,,Cube
731330331332,,Cube
731350351352,,Cube
731360361362,,Cube
732062,,Cube
732102,,Cube
732112,,Cube
732122,,Cube
732132,,Cube
732142,,Cube
732152,,Cube
732162,,Cube
732172,,Cube
732202,,Cube
732212,,Cube
732252,,Cube
732262,,Cube
732272,,Cube
732282,,Cube
732302,,Cube
732312,,Cube
732322,,Cube
732332,,Cube
732352,,Cube
732362,,Cube
732382,,Cube
732412,,Cube
732432,,Cube
732442,,Cube
732452,,Cube
732462,,Cube
732482,,Cube
732492,,Cube
732502,,Cube
732552,,Cube
732562,,Cube
732582,,Cube
732592,,Cube
732651652653,,Cube
732661662663,,Cube
732701702703,,Cube
732711712713,,Cube
732751752753,,Cube
732761762763,,Cube
732771772773,,Cube
732781782783,,Cube
732801802803,,Cube
732811812813,,Cube
732851852853,,Cube
732861862863,,Cube
732901902903,,Cube
733101102,,Cube
733111112,,Cube
733131132,,Cube
733141142,,Cube
733161162,,Cube
733171172,,Cube
733201202,,Cube
733211212,,Cube
733231232,,Cube
733241242,,Cube
733261262,,Cube
733271272,,Cube
734100101,,Cube
734110111,,Cube
734115116,,Cube
734120121,,Cube
734130131,,Cube
734135136,,Cube
734140141,,Cube
734150151,,Cube
734155156,,Cube
734200201,,Cube
734210211,,Cube
734220221,,Cube
734230231,,Cube
734240241,,Cube
734250251,,Cube
734260261,,Cube
734270271,,Cube
734280281,,Cube
734300301,,Cube
734310311,,Cube
734320321,,Cube
734330331,,Cube
734340341,,Cube
734350351,,Cube
734360361,,Cube
734370371,,Cube
734380381,,Cube
734400401,,Cube
734410411,,Cube
734420421,,Cube
734430431,,Cube
734440441,,Cube
734450451,,Cube
734500501,,Cube
734510511,,Cube
734520521,,Cube
734550551,,Cube
734570571,,Cube
734600601,,Cube
734610611,,Cube
734620621,,Cube
735100,,Cube
735120,,Cube
735200,,Cube
735210,,Cube
735220,,Cube
735230,,Cube
735240,,Cube
735250,,Cube
735260,,Cube
735270,,Cube
735300,,Cube
735310,,Cube
735320,,Cube
735330,,Cube
735400,,Cube
735410,,Cube
735420,,Cube
735430,,Cube
735500,,Cube
735600,,Cube
735700,,Cube
736100,,Cube
736110,,Cube
736120,,Cube
736130,,Cube
736140,,Cube
736150,,Cube
736200,,Cube
736210,,Cube
736220,,Cube
736300,,Cube
736310,,Cube
736320,,Cube
736350,,Cube
736360,,Cube
736370,,Cube
736380,,Cube
736390,,Cube
736500,,Cube
736510,,Cube
736520,,Cube
737100,,Cube
737110,,Cube
737120,,Cube
737130,,Cube
737140,,Cube
737150,,Cube
737200,,Cube
737210,,Cube
737220,,Cube
737300,,Cube
737400,,Cube
737500,,Cube
745100101,,Cube
745110111,,Cube
745150151,,Cube
745160161,,Cube
745200201,,Cube
745210211,,Cube
745350351,,Cube
745360361,,Cube
746100101,,Cube
746110111,,Cube
746200201,,Cube
746210211,,Cube
746300301,,Cube
746310311,,Cube
747100101,,Cube
747200201,,Cube
747300301,,Cube
747400,,Cube
748050051052,,Cube
748150151152,,Cube
748160161162,,Cube
748170171172,,Cube
748200201,,Cube
748300301,,Cube
748310311,,Cube
748350351,,Cube
748400401,,Cube
749100,,Cube
749110,,Cube
749200,,Cube
749210,,Cube
749250,,Cube
749260,,Cube
750100101,,Cube
750200201,,Cube
750400401,,Cube
750600601,,Cube
751100101,,Cube
751200201,,Cube
751300,,Cube
751500,,Cube
751600601,,Cube
751700,,Cube
752100,,Cube
752300,,Cube
752400,,Cube
752450,,Cube
752500,,Cube
752600,,Cube
753100,,Cube
753101,,Cube
753200,,Cube
753201,,Cube
753300,,Cube
753350,,Cube
753351,,Cube
754200,,Cube
754201,,Cube
754300,,Cube
754400,,Cube
754401,,Cube
754500,,Cube
755100,,Cube
755200,,Cube
755300,,Cube
755400,,Cube
756100,,Cube
756200,,Cube
756300,,Cube
756400,,Cube
756500,,Cube
758100,,Cube
758150,,Cube
758200,,Cube
758250,,Cube
759050,,Cube
759060,,Cube
759100,,Cube
759110,,Cube
759120,,Cube
759150,,Cube
776100,,Cube
776200,,Cube
776250,,Cube
776300,,Cube
776400,,Cube
776410,,Cube
777200,,Cube
777300,,Cube
777310,,Cube
778050,,Cube
778100,,Cube
778200,,Cube
778210,,Cube
778300,,Cube
778400,,Cube
779100,,Cube
779200,,Cube
779300,,Cube
779400,,Cube
779420,,Cube
779450,,Cube
779500,,Cube
779600,,Cube
779700,,Cube
779800,,Cube
779900,,Cube
780050,,Cube
780055,,Cube
780100,,Cube
780105,,Cube
780110,,Cube
780150,,Cube
780200,,Cube
780205,,Cube
780210,,Cube
780300,,Cube
780310,,Cube
780320,,Cube
786100,,Cube
786110,,Cube
CUBE AERIUM C:68X SLX CARBON/BLACK 2023,,Cube
CUBE AERIUM C:68X SLT NEBULA/WHITE 2023,,Cube
CUBE AERIUM C:68X FRAMESET NEBULA/WHITE 2023,,Cube
786420,,Cube
786430,,Cube
788100,,Cube
788200,,Cube
788300,,Cube
788500,,Cube
788600,,Cube
788700,,Cube
788750,,Cube
789100,,Cube
789110,,Cube
789150,,Cube
789160,,Cube
789200,,Cube
789210,,Cube
789220,,Cube
789250,,Cube
789370,,Cube
789550,,Cube
789560,,Cube
789570,,Cube
789580,,Cube
CUBE ATTAIN PRO NIGHTFLIGHT/GREY 2025,,Cube
CUBE ATTAIN PRO HYPERPURPLE/HELIO 2025,,Cube
CUBE ATTAIN RACE NIGHT/BLACK 2025,,Cube
CUBE ATTAIN RACE TEALGREY/ICE 2025,,Cube
CUBE ATTAIN SLX COTTON/GREY 2025,,Cube
CUBE ATTAIN SLX GOBLIN/YELLOW 2025,,Cube
CUBE ATTAIN C:62 RACE BLACKLINE 2025,,Cube
CUBE ATTAIN C:62 RACE PLUMGREY/BRINK 2025,,Cube
CUBE ATTAIN C:62 SLX COTTON/BLACK 2025,,Cube
CUBE ATTAIN C:62 SLX LAGOON/BLACK 2025,,Cube
CUBE ATTAIN C:62 SLT CARBON/RAINBOW 2025,,Cube
CUBE AGREE C:62 ONE FOGGREY/GREY 2025,,Cube
CUBE AGREE C:62 PRO BLACKLINE 2025,,Cube
CUBE AGREE C:62 PRO POLARLIGHT/AQUAGREEN 2025,,Cube
CUBE AGREE C:62 RACE FLASHLIME/BLACK 2025,,Cube
CUBE AGREE C:62 SLX LIQUIDRED/PRISM 2025,,Cube
CUBE AGREE C:62 SLX PIGEONBLUE/ART 2025,,Cube
CUBE AGREE C:62 SLT NEBULA/WHITE 2025,,Cube
CUBE LITENING AERO C:68X RACE BLACKLINE 2025,,Cube
CUBE LITENING AERO C:68X RACE TEAMLINE 2025,,Cube
CUBE LITENING AERO C:68X SLX CHROMEBLUE/LIQUIDBLUE 2025,,Cube
CUBE LITENING AERO C:68X SLT SOLARECLIPSE/CARBON 2025,,Cube
CUBE LITENING AERO C:68X SLT TEAMLINE 2025,,Cube
CUBE LITENING AERO C:68X FRAMESET TEAM REPLICA 2025,,Cube
CUBE LITENING AIR C:68X PRO FOGGREY/WHITE 2025,,Cube
CUBE LITENING AIR C:68X RACE BLACKLINE 2025,,Cube
CUBE LITENING AIR C:68X RACE DAZZLE/BLACK 2025,,Cube
CUBE LITENING AIR C:68X SLX CHROMEBLUE/CARBON 2025,,Cube
CUBE LITENING AIR C:68X SLT LIQUIDLAVA/BLACK 2025,,Cube
CUBE LITENING AIR C:68X FRAMESET TEAM REPLICA 2025,,Cube
CUBE NUROAD ONE CEDAR/BLACK 2025,,Cube
CUBE NUROAD ONE POSEIDONGREEN/BLACK 2025,,Cube
CUBE NUROAD PRO NIGHT/BLACK 2025,,Cube
CUBE NUROAD PRO MAYABLUE/BLACK 2025,,Cube
CUBE NUROAD PRO FE NIGHT/BLACK 2025,,Cube
CUBE NUROAD EX WHALE/BLACK 2025,,Cube
CUBE NUROAD EX BLUSHROSE/PINK 2025,,Cube
CUBE NUROAD RACE HAZE/GLOSS 2025,,Cube
CUBE NUROAD RACE RUBYRED/GLOSS 2025,,Cube
CUBE NUROAD RACE FE HAZE/GLOSS 2025,,Cube
CUBE NUROAD C:62 ONE CARBON/GLOSS 2025,,Cube
CUBE NUROAD C:62 ONE TEALGREY/BLACK 2025,,Cube
CUBE NUROAD C:62 PRO WILLOWGREEN/BLACK 2025,,Cube
CUBE NUROAD C:62 EX DESERTSTONE/GREEN 2025,,Cube
CUBE NUROAD C:62 EX PIGEONBLUE/ART 2025,,Cube
CUBE NUROAD C:62 RACE MINERALTEAL/BLUE 2025,,Cube
CUBE NUROAD C:62 SLX SOLARECLIPSE/AURUM 2025,,Cube
CUBE NUROAD C:62 SLT MINERALGRIT/BLACK 2025,,Cube
CUBE AERIUM C:68X RACE FOGGREY/WHITE 2025,,Cube
CUBE AERIUM C:68X SLX CARBON/BLACK 2025,,Cube
CUBE AERIUM C:68X SLT NEBULA/WHITE 2025,,Cube
CUBE AERIUM C:68X FRAMESET NEBULA/WHITE 2025,,Cube
CUBE AERIUM C:68X FRAMESET CARBON/BLACK 2025,,Cube
CUBE CROSS RACE C:62 PRO CARBON/ORANGE 2025,,Cube
CUBE CROSS RACE C:62 RACE POLARWHITE/BLUE 2025,,Cube
CUBE CROSS RACE C:62 SLX ELECTRICORANGE/WHITE 2025,,Cube
CUBE CROSS RACE C:68X TE HYDROGENBLUE/CARBON 2025,,Cube
CUBE CROSS RACE C:68X TE TEAMLINE 2025,,Cube
CUBE CROSS RACE C:68X SLT MATRIXBLACK/BLUE 2025,,Cube
CUBE AMS ZERO99 C:68X RACE 29 BLACKLINE 2025,,Cube
CUBE AMS ZERO99 C:68X RACE 29 TEAMLINE 2025,,Cube
CUBE AMS ZERO99 C:68X SLX 29 LIQUIDGOBLIN/WHITE 2025,,Cube
CUBE AMS ZERO99 C:68X SLT 29 LIQUID LAVA/BLACK 2025,,Cube
CUBE AMS ONE11 C:68X PRO 29 ELECTRICORANGE/CARBON 2025,,Cube
CUBE AMS ONE11 C:68X TM 29 DUSTOLIVE/GOLD 2025,,Cube
CUBE STEREO ONE22 PRO METALBLACK/BLACK 2025,,Cube
CUBE STEREO ONE22 PRO SKYBLUE/WHITE 2025,,Cube
CUBE STEREO ONE22 RACE RAWMETAL/BLACK 2025,,Cube
CUBE STEREO ONE22 RACE WINE/GREY 2025,,Cube
CUBE STEREO ONE22 C:62 TM 29 DUSTOLIVE/GOLD 2025,,Cube
CUBE STEREO ONE22 C:62 TM POLARLIGHT/PRISM 2025,,Cube
CUBE STEREO ONE22 C:62 SLX 29 BLACKLINE 2025,,Cube
CUBE STEREO ONE22 C:62 SLT 29 METALLICWHITE/BLACK 2025,,Cube
CUBE STEREO ONE44 C:62 RACE 29 BLACKLINE 2025,,Cube
CUBE STEREO ONE44 C:62 RACE 29 PIGEONBLUE/ART 2025,,Cube
CUBE STEREO ONE44 C:68X SLX 29 LIQUIDVIOLET/BLACK 2025,,Cube
CUBE STEREO ONE44 C:68X SLT 29 LIQUIDLAVA 2025,,Cube
CUBE STEREO ONE55 C:62 SLX 29 BLACKLINE 2025,,Cube
CUBE STEREO ONE77 PRO 29 INKGREY/GLOSSY 2025,,Cube
CUBE STEREO ONE77 RACE 29 RAWMETAL/BLACK 2025,,Cube
CUBE STEREO ONE77 C:68X TM 29 DUSTYOLIVE/GOLD 2025,,Cube
CUBE STEREO ONE77 C:68X SLT 29 METALLICWHITE/GREY 2025,,Cube
CUBE TWO15 PRO 27.5 RAWMETAL/BLACK 2025,,Cube
CUBE TWO15 RACE 27.5 CYCLAMEN/BLACK 2025,,Cube
CUBE AIM ONE FOGGYBLACK/BLACK 2025,,Cube
CUBE AIM ONE LEMONSQUEEZE/BLACK 2025,,Cube
CUBE AIM ONE STARLINGBLUR/SAPPHIRE 2025,,Cube
CUBE AIM ONE ALLROAD SLATEBLACK/BLACK 2025,,Cube
CUBE AIM ONE ALLROAD SHAMROCK/BLACK 2025,,Cube
CUBE AIM ONE ALLROAD GREYISHLILAC/REFLECT 2025,,Cube
CUBE AIM PRO BLACK/SLATEBLACK 2025,,Cube
CUBE AIM PRO FIREORANGE/BLACK 2025,,Cube
CUBE AIM PRO LINEN/BRONZE 2025,,Cube
CUBE AIM PRO SHIFTDUST/BLACK 2025,,Cube
CUBE AIM RACE SLATEGREY/RAINBOWBLACK 2025,,Cube
CUBE AIM RACE SWIMMINGPOOL/BLACK 2025,,Cube
CUBE AIM RACE FROZENGRAPE/TURMALIN 2025,,Cube
CUBE AIM RACE ALLROAD WOLFGREY/BLACK 2025,,Cube
CUBE AIM RACE ALLROAD TANGERINE/BLACK 2025,,Cube
CUBE AIM SLX SLATEBLACK/BLACK 2025,,Cube
CUBE AIM SLX FLASHLIME/JUNIPER 2025,,Cube
CUBE AIM SLX BLUEBLOSSOM/PEARL 2025,,Cube
CUBE AIM SLX ALLROAD LUNAR/FROZENGRAPE 2025,,Cube
CUBE AIM SLX ALLROAD ORBITRED/BLACK 2025,,Cube
CUBE ATTENTION PRO METALLICGREY/BLACK 2025,,Cube
CUBE ATTENTION PRO METALLICTEAL/WHITE 2025,,Cube
CUBE ATTENTION PRO SHIFTVIOLET/AMETHYST 2025,,Cube
CUBE ATTENTION SLX BLACKMETAL/BLACK 2025,,Cube
CUBE ATTENTION SLX WILLOWGREEN/BLACK 2025,,Cube
CUBE ATTENTION SLX PIGEONBLUE/RUBYRED 2025,,Cube
CUBE REACTION PRO SMOKE/BLACK 2025,,Cube
CUBE REACTION PRO METALLICTEAL/HOLO 2025,,Cube
CUBE REACTION PRO CEDAR/BLUSH 2025,,Cube
CUBE REACTION SLX SLATEBLACK/BLACK 2025,,Cube
CUBE REACTION SLX HAZEBLUE/REFLECT 2025,,Cube
CUBE REACTION TM ONE GOLDELIME/BLACK 2025,,Cube
CUBE REACTION TM PRO RAWMETAL/REFLECT 2025,,Cube
CUBE REACTION C:62 ONE COTTON/WHITE 2025,,Cube
CUBE REACTION C:62 ONE DAZZLE/BLACK 2025,,Cube
CUBE REACTION C:62 PRO BLACKLINE 2025,,Cube
CUBE REACTION C:62 PRO ELECTRICORANGE/SPICE 2025,,Cube
CUBE REACTION C:62 RACE SLEEKGREY/PRISM 2025,,Cube
CUBE REACTION C:62 RACE PIGEONBLUE/ART 2025,,Cube
CUBE REACTION C:62 SLX LIQUIDRED/WHITE 2025,,Cube
CUBE REACTION C:62 SLX TEAMLINE 2025,,Cube
CUBE PHENIX C:68X SLX TEAMLINE 2025,,Cube
CUBE PHENIX C:68X SLT LIQUIDLAVA/BLACK 2025,,Cube
CUBE PHENIX C:68X SLT TEAMLINE 2025,,Cube
CUBE FLYING CIRCUS HAZEBLUE/REFLEX 2025,,Cube
CUBE NUMOVE 120 RT BLACK/ORANGE 2025,,Cube
CUBE NUMOVE 120 RT BLUE/LIME 2025,,Cube
CUBE NUMOVE 120 RT FLASHWHITE/PINK 2025,,Cube
CUBE NUMOVE 140 BLACK/ORANGE 2025,,Cube
CUBE NUMOVE 140 BLUE/LIME 2025,,Cube
CUBE NUMOVE 140 FLASHWHITE/PINK 2025,,Cube
CUBE NUMOVE 160 BLACK/ORANGE 2025,,Cube
CUBE NUMOVE 160 BLUE/LIME 2025,,Cube
CUBE NUMOVE 160 FLASHWHITE/PINK 2025,,Cube
CUBE NUMOVE 180 BLACK/ORANGE 2025,,Cube
CUBE NUMOVE 180 BLUE/LIME 2025,,Cube
CUBE NUMOVE 180 FLASHWHITE/PINK 2025,,Cube
CUBE NUMOVE 200 BLACK/ORANGE 2025,,Cube
CUBE NUMOVE 200 BLUE/LIME 2025,,Cube
CUBE NUMOVE 200 FLASHWHITE/PINK 2025,,Cube
CUBE NUMOVE 200 STREET NAVALBLUE/APPLE 2025,,Cube
CUBE ELLA 200 ALOEGREEN/WHITE 2025,,Cube
CUBE NUMOVE 240 BLACK/ORANGE 2025,,Cube
CUBE NUMOVE 240 BLUE/LIME 2025,,Cube
CUBE NUMOVE 240 FLASHWHITE/PINK 2025,,Cube
CUBE NUMOVE 240 STREET NAVALBLUE/APPLE 2025,,Cube
CUBE ELLA 240 ALOEGREEN/WHITE 2025,,Cube
CUBE ACID 160 MOLOTOV/PINK 2025,,Cube
CUBE ACID 200 LIGHTOLIVE/ORANGE 2025,,Cube
CUBE ACID 200 MOLOTOV/PINK 2025,,Cube
CUBE ACID 200 ALLROAD DEEPCOBALT/APPLE 2025,,Cube
CUBE ACID 200 DISC ACTIONTEAM 2025,,Cube
CUBE ACID 200 DISC PISTACHIO/ORANGE 2025,,Cube
CUBE ACID 200 DISC GALACTIC/CYAN 2025,,Cube
CUBE ACID 200 DISC ALLROAD GREY/FLASH 2025,,Cube
CUBE ACID 240 LIGHTOLIVE/ORANGE 2025,,Cube
CUBE ACID 240 MOLOTOV/PINK 2025,,Cube
CUBE ACID 240 ALLROAD DEEPCOBALT/APPLE 2025,,Cube
CUBE ACID 240 DISC ACTIONTEAM 2025,,Cube
CUBE ACID 240 DISC PISTACHIO/ORANGE 2025,,Cube
CUBE ACID 240 DISC GALACTIC/CYAN 2025,,Cube
CUBE ACID 240 DISC ALLROAD GREY/FLASH 2025,,Cube
CUBE ACID 260 DISC ACTIONTEAM 2025,,Cube
CUBE ACID 260 DISC GALACTIC/CYAN 2025,,Cube
CUBE ACID 260 DISC ALLROAD GREY/FLASH 2025,,Cube
CUBE NUROAD ROOKIE GOBLIN/LIME 2025,,Cube
CUBE HYDE PRO FE DUSTYOLIVE/GOLD 2025,,Cube
CUBE EDITOR RACE LIZARD/BLACK 2025,,Cube
CUBE EDITOR RACE FE LIZARD/BLACK 2025,,Cube
CUBE EDITOR SLX FE NIGHTSKY/INK 2025,,Cube
CUBE NULANE ONE MINERALGREY/BLACK 2025,,Cube
CUBE NULANE PRO FIREORANGE/BLACK 2025,,Cube
CUBE NULANE C:62 SLX DESSERTSTONE/GREEN 2025,,Cube
CUBE NULANE C:62 SLT GOBLIN/BLACK 2025,,Cube
CUBE NULANE PRO FE FIREORANGE/BLACK 2025,,Cube
CUBE NULANE C:62 SLX FE DESSERTSTONE/GREEN 2025,,Cube
CUBE NATURE ONE BLACK/BLACK 2025,,Cube
CUBE NATURE ONE AMARONE/LUNAR 2025,,Cube
CUBE NATURE PRO COTTON/BLACK 2025,,Cube
CUBE NATURE PRO WILLOWGREEN/BLACK 2025,,Cube
CUBE NATURE EXC SEASALT/PYRITE 2025,,Cube
CUBE NATURE EXC PIGEONBLUE/BLACK 2025,,Cube
CUBE NATURE SLX GRAPHITE/FOSSIL 2025,,Cube
CUBE NATURE SLX PISTACIO/PALEMINT 2025,,Cube
CUBE NATURE ONE ALLROAD BLACK/BLACK 2025,,Cube
CUBE NATURE ONE ALLROAD AMARONE/LUNAR 2025,,Cube
CUBE NATURE PRO ALLROAD COTTON/BLACK 2025,,Cube
CUBE NATURE PRO ALLROAD WILLOWGREEN/BLACK 2025,,Cube
CUBE NATURE EXC ALLROAD SEASALT/PYRITE 2025,,Cube
CUBE NATURE EXC ALLROAD PIGEONBLUE/BLACK 2025,,Cube
CUBE TOURING ONE DEEPSEA/BLACKCHROME 2025,,Cube
CUBE TOURING ONE COTTON/BLACK 2025,,Cube
CUBE TOURING PRO SLABGREY/METAL 2025,,Cube
CUBE TOURING PRO MAROON/PEARL 2025,,Cube
CUBE KATHMANDU PRO GREY/LUNAR 2025,,Cube
CUBE KATHMANDU EXC GREY/BLACK 2025,,Cube
CUBE KATHMANDU SLX NIGHTSKY/INK 2025,,Cube
CUBE ACID 240 HYBRID ROOKIE SLX 400 TRAILMOTION 2023,,Cube
CUBE REACTION HYBRID ROOKIE SLX 400 TEAMLINE 2023,,Cube
CUBE TOURING HYBRID ONE 500 GREY/WHITE 2023,,Cube
CUBE TOURING HYBRID ONE 625 GREY/WHITE 2023,,Cube
CUBE TOURING HYBRID ONE 500 DARKGREEN/GREEN 2023,,Cube
CUBE TOURING HYBRID ONE 625 DARKGREEN/GREEN 2023,,Cube
CUBE TOURING HYBRID PRO 500 BLACK/METAL 2023,,Cube
CUBE TOURING HYBRID PRO 625 BLACK/METAL 2023,,Cube
CUBE TOURING HYBRID PRO 500 PEARLYSILVER/BLACK 2023,,Cube
CUBE TOURING HYBRID PRO 625 PEARLYSILVER/BLACK 2023,,Cube
CUBE TOURING HYBRID EXC 500 GREY/METAL 2023,,Cube
CUBE TOURING HYBRID EXC 625 GREY/METAL 2023,,Cube
CUBE TOURING HYBRID EXC 500 RED/WHITE 2023,,Cube
CUBE TOURING HYBRID EXC 625 RED/WHITE 2023,,Cube
CUBE KATHMANDU HYBRID ONE 625 SWAMPGREY/BLACK 2023,,Cube
CUBE KATHMANDU HYBRID ONE 750 SWAMPGREY/BLACK 2023,,Cube
CUBE KATHMANDU HYBRID ONE 625 BLUE/BLACK 2023,,Cube
CUBE KATHMANDU HYBRID ONE 750 BLUE/BLACK 2023,,Cube
CUBE KATHMANDU HYBRID PRO 625 FLASHGREY/BLACK 2023,,Cube
CUBE KATHMANDU HYBRID PRO 750 FLASHGREY/BLACK 2023,,Cube
CUBE KATHMANDU HYBRID PRO 625 FLASHSTONE/BLACK 2023,,Cube
CUBE KATHMANDU HYBRID PRO 750 FLASHSTONE/BLACK 2023,,Cube
CUBE KATHMANDU HYBRID ECX 750 GREY/SILVER 2023,,Cube
CUBE KATHMANDU HYBRID EXC 750 RED/BLACK 2023,,Cube
CUBE KATHMANDU HYBRID SLX 750 POLARSILVER/BLACK 2023,,Cube
CUBE KATHMANDU HYBRID SLX 750 GREEN/OLIVE 2023,,Cube
CUBE KATHMANDU HYBRID SLT 750 BLACK/METAL 2023,,Cube
CUBE KATHMANDU HYBRID SLT 750 PRIZMSILVER/GREY 2023,,Cube
CUBE KATHMANDU HYBRID 45 750 GREY/BLACK 2023,,Cube
CUBE SUPREME HYBRID ONE 400 GREY/GREY 2023,,Cube
CUBE SUPREME HYBRID ONE 500 GREY/GREY 2023,,Cube
CUBE SUPREME HYBRID PRO 500 FLASHGREY/BLACK 2023,,Cube
CUBE SUPREME HYBRID PRO 625 FLASHGREY/BLACK 2023,,Cube
CUBE SUPREME HYBRID PRO 500 RED/BLACK 2023,,Cube
CUBE SUPREME HYBRID PRO 625 RED/BLACK 2023,,Cube
CUBE SUPREME RT HYBRID PRO 500 FLASHGREY/BLACK 2023,,Cube
CUBE SUPREME RT HYBRID PRO 625 FLASHGREY/BLACK 2023,,Cube
CUBE SUPREME RT HYBRID PRO 500 RED/BLACK 2023,,Cube
CUBE SUPREME RT HYBRID PRO 625 RED/BLACK 2023,,Cube
CUBE SUPREME HYBRID EX 625 GREY/BLACK 2023,,Cube
CUBE SUPREME HYBRID EX 625 GREEN/OLIVE 2023,,Cube
CUBE SUPREME HYBRID EXC 500 FLASHWITE/BLACK 2023,,Cube
CUBE SUPREME HYBRID EXC 625 FLASHWITE/BLACK 2023,,Cube
CUBE SUPREME HYBRID EXC 500 BLUE/BLACK 2023,,Cube
CUBE SUPREME HYBRID EXC 625 BLUE/BLACK 2023,,Cube
CUBE SUPREME RT HYBRID EXC 500 FLASHWITE/BLACK 2023,,Cube
CUBE SUPREME RT HYBRID EXC 625 FLASHWITE/BLACK 2023,,Cube
CUBE SUPREME RT HYBRID EXC 500 BLUE/BLACK 2023,,Cube
CUBE SUPREME RT HYBRID EXC 625 BLUE/BLACK 2023,,Cube
CUBE SUPREME HYBRID SLX 625 POLARSILVER/BLACK 2023,,Cube
CUBE SUPREME RT HYBRID SLX 625 POLARSILVER/BLACK 2023,,Cube
CUBE SUPREME HYBRID SLT 625 MIDNIGHT/BLACK 2023,,Cube
CUBE SUPREME SPORT HYBRID ONE 500 WHITE/BLACK 2023,,Cube
CUBE SUPREME SPORT HYBRID PRO 500 GREY/GREY 2023,,Cube
CUBE SUPREME SPORT HYBRID PRO 625 GREY/GREY 2023,,Cube
CUBE SUPREME SPORT HYBRID PRO 500 RED/BLACK 2023,,Cube
CUBE SUPREME SPORT HYBRID PRO 625 RED/BLACK 2023,,Cube
CUBE SUPREME SPORT HYBRID EXC 625 GRAPHITE/BLACK 2023,,Cube
CUBE SUPREME SPORT HYBRID ECX 625 BLUE/BLACK 2023,,Cube
CUBE SUPREME SPORT HYBRID SLX 625 TEAK/BLACK 2023,,Cube
CUBE ELLA RIDE HYBRID 500 GREEN/GREEN 2023,,Cube
CUBE ELLA RIDE HYBRID 500 HONEY/WHITE 2023,,Cube
CUBE ELLA CRUISE HYBRID 500 METALLICSTONE/GREY 2023,,Cube
CUBE ELLA CRUISE HYBRID 500 TWINKLE/CREAM 2023,,Cube
CUBE NURIDE HYBRID PERFORMANCE 500 ALLROAD GRAPHITE/BLACK 2023,,Cube
CUBE NURIDE HYBRID PERFORMANCE 625 ALLROAD GRAPHITE/BLACK 2023,,Cube
CUBE NURIDE HYBRID PERFORMANCE 500 ALLROAD METALBLUE/RED 2023,,Cube
CUBE NURIDE HYBRID PERFORMANCE 625 ALLROAD METALBLUE/RED 2023,,Cube
CUBE NURIDE HYBRID PRO 625 ALLROAD BLACK/METAL 2023,,Cube
CUBE NURIDE HYBRID PRO 750 ALLROAD BLACK/METAL 2023,,Cube
CUBE NURIDE HYBRID PRO 625 ALLROAD SHINYMOSS/BLACK 2023,,Cube
CUBE NURIDE HYBRID PRO 750 ALLROAD SHINYMOSS/BLACK 2023,,Cube
CUBE NURIDE HYBRID EXC 625 ALLROAD POLARSILVER/BLACK 2023,,Cube
CUBE NURIDE HYBRID EXC 750 ALLROAD POLARSILVER/BLACK 2023,,Cube
CUBE NURIDE HYBRID EXC 625 ALLROAD CARAMEL/BLACK 2023,,Cube
CUBE NURIDE HYBRID EXC 750 ALLROAD CARAMEL/BLACK 2023,,Cube
CUBE NURIDE HYBRID SLX 750 ALLROAD GREY/BLACK 2023,,Cube
CUBE NURIDE HYBRID SLX 750 ALLROAD VERDE/BLACK 2023,,Cube
CUBE NURIDE HYBRID SLT 750 ALLROAD GREY/METAL 2023,,Cube
CUBE REACTION HYBRID PERFORMANCE 500 BLACK/GREY 2023,,Cube
CUBE REACTION HYBRID PERFORMANCE 625 BLACK/GREY 2023,,Cube
CUBE REACTION HYBRID PERFORMANCE 500 GREY/BLACK 2023,,Cube
CUBE REACTION HYBRID PERFORMANCE 625 GREY/BLACK 2023,,Cube
CUBE REACTION HYBRID PERFORMANCE 500 METALLICBROWN/ORANGE 2023,,Cube
CUBE REACTION HYBRID PERFORMANCE 625 METALLICBROWN/ORANGE 2023,,Cube
CUBE REACTION HYBRID PERFORMANCE 500 ALLROAD BLACK/GREY 2023,,Cube
CUBE REACTION HYBRID PERFORMANCE 625 ALLROAD BLACK/GREY 2023,,Cube
CUBE REACTION HYBRID PERFORMANCE 500 ALLROAD GREY/BLACK 2023,,Cube
CUBE REACTION HYBRID PERFORMANCE 625 ALLROAD GREY/BLACK 2023,,Cube
CUBE REACTION HYBRID PERFORMANCE 500 ALLROAD METALLICBROWN/ORANGE 2023,,Cube
CUBE REACTION HYBRID PERFORMANCE 625 ALLROAD METALLICBROWN/ORANGE 2023,,Cube
CUBE REACTION HYBRID ONE 500 GREY/BLACK 2023,,Cube
CUBE REACTION HYBRID ONE 625 GREY/BLACK 2023,,Cube
CUBE REACTION HYBRID ONE 750 GREY/BLACK 2023,,Cube
CUBE REACTION HYBRID ONE 500 SKYBLUE/WHITE 2023,,Cube
CUBE REACTION HYBRID ONE 625 SKYBLUE/WHITE 2023,,Cube
CUBE REACTION HYBRID ONE 750 SKYBLUE/WHITE 2023,,Cube
CUBE REACTION HYBRID ONE 500 LIGHTGREY/ROSE 2023,,Cube
CUBE REACTION HYBRID ONE 625 LIGHTGREY/ROSE 2023,,Cube
CUBE REACTION HYBRID ONE 750 LIGHTGREY/ROSE 2023,,Cube
CUBE REACTION HYBRID PRO 500 FLASHGREY/GREEN 2023,,Cube
CUBE REACTION HYBRID PRO 625 FLASHGREY/GREEN 2023,,Cube
CUBE REACTION HYBRID PRO 750 FLASHGREY/GREEN 2023,,Cube
CUBE REACTION HYBRID PRO 500 FLASHWHITE/BLACK 2023,,Cube
CUBE REACTION HYBRID PRO 625 FLASHWHITE/BLACK 2023,,Cube
CUBE REACTION HYBRID PRO 750 FLASHWHITE/BLACK 2023,,Cube
CUBE REACTION HYBRID PRO 500 BLUSHROSE/SILVER 2023,,Cube
CUBE REACTION HYBRID PRO 625 BLUSHROSE/SILVER 2023,,Cube
CUBE REACTION HYBRID PRO 750 BLUSHROSE/SILVER 2023,,Cube
CUBE REACTION HYBRID PRO 500 ALLROAD FLASHGREY/GREEN 2023,,Cube
CUBE REACTION HYBRID PRO 625 ALLROAD FLASHGREY/GREEN 2023,,Cube
CUBE REACTION HYBRID PRO 750 ALLROAD FLASHGREY/GREEN 2023,,Cube
CUBE REACTION HYBRID PRO 500 ALLROAD FLASHWHITE/BLACK 2023,,Cube
CUBE REACTION HYBRID PRO 625 ALLROAD FLASHWHITE/BLACK 2023,,Cube
CUBE REACTION HYBRID PRO 750 ALLROAD FLASHWHITE/BLACK 2023,,Cube
CUBE REACTION HYBRID PRO 500 ALLROAD BLUSHROSE/SILVER 2023,,Cube
CUBE REACTION HYBRID PRO 625 ALLROAD BLUSHROSE/SILVER 2023,,Cube
CUBE REACTION HYBRID PRO 750 ALLROAD BLUSHROSE/SILVER 2023,,Cube
CUBE REACTION HYBRID RACE 625 GREY/METAL 2023,,Cube
CUBE REACTION HYBRID RACE 750 GREY/METAL 2023,,Cube
CUBE REACTION HYBRID RACE 625 OLIVE/GREEN 2023,,Cube
CUBE REACTION HYBRID RACE 750 OLIVE/GREEN 2023,,Cube
CUBE REACTION HYBRID RACE 625 SWITCHBLUE/BLACK 2023,,Cube
CUBE REACTION HYBRID RACE 750 SWITCHBLUE/BLACK 2023,,Cube
CUBE REACTION HYBRID SLX 750 BLACK/REFLEX 2023,,Cube
CUBE REACTION HYBRID SLX 750 GREY/SPECTRAL 2023,,Cube
CUBE REACTION HYBRID SLX 750 RUBYRED/BLACK 2023,,Cube
CUBE REACTION HYBRID SLX 750 ALLROAD BLACK/REFLEX 2023,,Cube
CUBE REACTION HYBRID SLT 750 PRIZMSILVER/GREY 2023,,Cube
CUBE REACTION HYBRID SLT 750 GOBLIN/YELLOW 2023,,Cube
CUBE REACTION HYBRID SLT 750 SILVER/CREAM 2023,,Cube
CUBE STEREO HYBRID 120 PRO 625 FLASHGREY/ORANGE 2023,,Cube
CUBE STEREO HYBRID 120 PRO 750 FLASHGREY/ORANGE 2023,,Cube
CUBE STEREO HYBRID 120 PRO 625 FLASHWHITE/BLACK 2023,,Cube
CUBE STEREO HYBRID 120 PRO 750 FLASHWHITE/BLACK 2023,,Cube
CUBE STEREO HYBRID 120 PRO 625 SAGEMETALLIC/BLACK 2023,,Cube
CUBE STEREO HYBRID 120 PRO 750 SAGEMETALLIC/BLACK 2023,,Cube
CUBE STEREO HYBRID 120 PRO ALLROAD 625 FLASHGREY/ORANGE 2023,,Cube
CUBE STEREO HYBRID 120 PRO ALLROAD 750 FLASHGREY/ORANGE 2023,,Cube
CUBE STEREO HYBRID 120 RACE 625 POLARSILVER/BLACK 2023,,Cube
CUBE STEREO HYBRID 120 RACE 750 POLARSILVER/BLACK 2023,,Cube
CUBE STEREO HYBRID 120 RACE 625 PETROLBLUE/CHROME 2023,,Cube
CUBE STEREO HYBRID 120 RACE 750 PETROLBLUE/CHROME 2023,,Cube
CUBE STEREO HYBRID 120 RACE 625 FIREORANGE/BLACK 2023,,Cube
CUBE STEREO HYBRID 120 RACE 750 FIREORANGE/BLACK 2023,,Cube
CUBE STEREO HYBRID 120 RACE ALLROAD 625 POLARSILVER/BLACK 2023,,Cube
CUBE STEREO HYBRID 120 RACE ALLROAD 750 POLARSILVER/BLACK 2023,,Cube
CUBE STEREO HYBRID 120 SLX 750 BLACK/METAL 2023,,Cube
CUBE STEREO HYBRID 120 SLX 750 SWAMPGREY/BLACK 2023,,Cube
CUBE STEREO HYBRID 120 SLX 750 ELECTRICBLUE/CHROME 2023,,Cube
CUBE STEREO HYBRID 120 SLX ALLROAD 750 BLACK/METAL 2023,,Cube
CUBE STEREO HYBRID 120 TM 750 FLASHGREY/OLIVE 2023,,Cube
CUBE STEREO HYBRID 120 SLT 750 PRIZMBLACK/BLACK 2023,,Cube
CUBE STEREO HYBRID 140 HPC PRO 625 SWAMPGREY/BLACK 2023,,Cube
CUBE STEREO HYBRID 140 HPC PRO 750 SWAMPGREY/BLACK 2023,,Cube
CUBE STEREO HYBRID 140 HPC PRO 625 FROSTWHITE/GREY 2023,,Cube
CUBE STEREO HYBRID 140 HPC PRO 750 FROSTWHITE/GREY 2023,,Cube
CUBE STEREO HYBRID 140 HPC PRO 625 VIVID/SUN 2023,,Cube
CUBE STEREO HYBRID 140 HPC PRO 750 VIVID/SUN 2023,,Cube
CUBE STEREO HYBRID 140 HPC RACE 625 GREY/CHROME 2023,,Cube
CUBE STEREO HYBRID 140 HPC RACE 750 GREY/CHROME 2023,,Cube
CUBE STEREO HYBRID 140 HPC RACE 625 LIQUIDRED/BLACK 2023,,Cube
CUBE STEREO HYBRID 140 HPC RACE 750 LIQUIDRED/BLACK 2023,,Cube
CUBE STEREO HYBRID 140 HPC RACE 625 DAZZLE/ORANGE 2023,,Cube
CUBE STEREO HYBRID 140 HPC RACE 750 DAZZLE/ORANGE 2023,,Cube
CUBE STEREO HYBRID 140 HPC SLX 750 CARBON/REFLEX 2023,,Cube
CUBE STEREO HYBRID 140 HPC SLX 750 LIQUIDBLUE/BLUE 2023,,Cube
CUBE STEREO HYBRID 140 HPC SLX 750 GOBLIN/YELLOW 2023,,Cube
CUBE STEREO HYBRID 140 HPC TM 750 FLASHGREY/OLIVE 2023,,Cube
CUBE STEREO HYBRID 140 HPC ACTIONTEAM 750 ACTIONTEAM 2023,,Cube
CUBE STEREO HYBRID 140 HPC SLT 750 NEBULA/CARBON 2023,,Cube
CUBE STEREO HYBRID ONE55 C:68X SLX 750 29 LIQUIDRED/CARBON 2023,,Cube
CUBE STEREO HYBRID ONE55 C:68X TM 750 29 OLIVE/CHROME 2023,,Cube
CUBE STEREO HYBRID ONE55 C:68X SLT 750 29 PRIZMSILVER/CARBON 2023,,Cube
CUBE STEREO HYBRID 160 HPC RACE 625 27.5 GREY/METAL 2023,,Cube
CUBE STEREO HYBRID 160 HPC RACE 750 27.5 GREY/METAL 2023,,Cube
CUBE STEREO HYBRID 160 HPC RACE 625 27.5 OLIVE/GREEN 2023,,Cube
CUBE STEREO HYBRID 160 HPC RACE 750 27.5 OLIVE/GREEN 2023,,Cube
CUBE STEREO HYBRID 160 HPC RACE 625 27.5 ICEBLUE/BLACK 2023,,Cube
CUBE STEREO HYBRID 160 HPC RACE 750 27.5 ICEBLUE/BLACK 2023,,Cube
CUBE STEREO HYBRID 160 HPC SLX 750 27.5 CARBON/REFLEX 2023,,Cube
CUBE STEREO HYBRID 160 HPC SLX 750 27.5 GREY/GREY 2023,,Cube
CUBE STEREO HYBRID 160 HPC SLX 750 27.5 MOLOTOV/GREY 2023,,Cube
CUBE STEREO HYBRID 160 HPC TM 750 27.5 FLASHGREY/OLIVE 2023,,Cube
CUBE STEREO HYBRID 160 HPC ACTIONTEAM 750 27.5 ACTIONTEAM 2023,,Cube
CUBE STEREO HYBRID 160 HPC SLT 750 27.5 NEBULA/CARBON 2023,,Cube
CUBE COMPACT HYBRID 500 GREY/WHITE 2023,,Cube
CUBE COMPACT HYBRID 500 BLACK/SPARKORANGE 2023,,Cube
CUBE COMPACT SPORT HYBRID 500 BLACK/POLARSILVER 2023,,Cube
CUBE COMPACT SPORT HYBRID 500 BLUE/LIME 2023,,Cube
CUBE CARGO HYBRID 500 FLASHGREY/BLACK 2023,,Cube
CUBE CARGO HYBRID 500 FLASHWHITE/BLACK 2023,,Cube
CUBE CARGO HYBRID 500 BLUE/LIME 2023,,Cube
CUBE CARGO DUAL HYBRID 1000 FLASHGREY/BLACK 2023,,Cube
CUBE CARGO DUAL HYBRID 1000 FLASHWHITE/BLACK 2023,,Cube
CUBE CARGO DUAL HYBRID 1000 BLUE/LIME 2023,,Cube
CUBE CARGO SPORT HYBRID 500 FLASHGREY/BLACK 2023,,Cube
CUBE CARGO SPORT HYBRID 500 FLASHWHITE/BLACK 2023,,Cube
CUBE CARGO SPORT HYBRID 500 BLUE/LIME 2023,,Cube
CUBE CARGO SPORT DUAL HYBRID 1000 FLASHGREY/BLACK 2023,,Cube
CUBE CARGO SPORT DUAL HYBRID 1000 FLASHWHITE/BLACK 2023,,Cube
CUBE CARGO SPORT DUAL HYBRID 1000 BLUE/LIME 2025,,Cube
CUBE FOLD HYBRID 500 TEAK/BLACK 2023,,Cube
CUBE FOLD HYBRID 500 DARKBLUE/BLACK 2023,,Cube
CUBE FOLD SPORT HYBRID 500 FLASHGREY/BLACK 2023,,Cube
CUBE FOLD SPORT HYBRID 500 GREEN/BLACK 2023,,Cube
CUBE TRIKE HYBRID FAMILY 750 FLASHWHITE/BLACK 2023,,Cube
CUBE TRIKE HYBRID FAMILY 750 SWAMPGREY/BLACK 2023,,Cube
CUBE KATHMANDU HYBRID ABS 750 SMARAGDGREY/BLUE 2023,,Cube
CUBE REACTION HYBRID ABS 750 SMARAGDGREY/BLUE 2023,,Cube
CUBE STEREO HYBRID 120 ABS 750 SMARAGDGREY/BLUE 2023,,Cube
CUBE STEREO HYBRID 140 HPC ABS 750 SMARAGDGREY/BLUE 2023,,Cube
CUBE SUPREME HYBRID 500 SE METALLICGREY/BLACK 2023,,Cube
CUBE SUPREME HYBRID 500 SE GREEN/GREEN 2023,,Cube
CUBE SUPREME HYBRID SLT 625 SE MIDNIGHT/BLACK 2023,,Cube
CUBE KATHMANDU HYBRID 45 750 GREY/REFLEX 2025,,Cube
CUBE CARGO DUAL HYBRID 1000 FLASHWHITE/BLACK 2025,,Cube
CUBE CARGO DUAL HYBRID 1000 BLUE/LIME 2025,,Cube
CUBE CARGO SPORT HYBRID 500 FLASHGREY/BLACK 2025,,Cube
CUBE CARGO SPORT HYBRID 500 FLASHWHITE/BLACK 2025,,Cube
CUBE CARGO SPORT HYBRID 500 BLUE/LIME 2025,,Cube
CUBE CARGO SPORT DUAL HYBRID 1000 FLASHGREY 2025,,Cube
CUBE CARGO SPORT DUAL HYBRID 1000 FLASHWHITE 2025,,Cube
CUBE TRIKE FAMILY HYBRID 750 FLASHWHITE/REFLEX 2025,,Cube
CUBE TRIKE FAMILY HYBRID 1500 FLASHWHITE/REFLEX 2025,,Cube
CUBE TRIKE FAMILY HYBRID 750 SWAMPGREY/REFLEX 2025,,Cube
CUBE TRIKE FAMILY HYBRID 1500 SWAMPGREY/REFLEX 2025,,Cube
CUBE TRIKE FAMILY HYBRID 750 BLUE/REFLEX 2025,,Cube
CUBE TRIKE FAMILY HYBRID 1500 BLUE/REFLEX 2025,,Cube
CUBE TRIKE CARGO HYBRID 750 GREY/REFLEX 2025,,Cube
CUBE TRIKE CARGO HYBRID 1500 GREY/REFLEX 2025,,Cube
CUBE LONGTAIL HYBRID 725 GREY/REFLEX 2025,,Cube
CUBE LONGTAIL HYBRID 725 BLUE/REFLEX 2025,,Cube
CUBE LONGTAIL SPORT HYBRID 725 SWAMPGREY/REFLEX 2025,,Cube
CUBE LONGTAIL SPORT HYBRID 725 FLASHWHITE/REFLEX 2025,,Cube
CUBE STEREO HYBRID ONE44 PRO INKGREY/BLACK 2025,,Cube
CUBE STEREO HYBRID ONE44 PRO BOURBON/BLACK 2025,,Cube
CUBE STEREO HYBRID ONE44 EX BLACKLINE 2025,,Cube
CUBE STEREO HYBRID ONE44 EX LIZARD/BLACK 2025,,Cube
CUBE STEREO HYBRID ONE44 EXC METALLICWHITE/BLACK 2025,,Cube
CUBE STEREO HYBRID ONE44 EXC STELLAR/SHIFTIRIS 2025,,Cube
CUBE STEREO HYBRID ONE44 HPC RACE BLACKLINE 2025,,Cube
CUBE STEREO HYBRID ONE44 HPC RACE FLASHLIME/BLUE 2025,,Cube
CUBE STEREO HYBRID ONE44 HPC RACE PIGEONBLUE/ART 2025,,Cube
CUBE STEREO HYBRID ONE44 HPC SLX SLABGREY/ORANGE 2025,,Cube
CUBE STEREO HYBRID ONE44 HPC SLX NEBULA/WHITE 2025,,Cube
CUBE STEREO HYBRID ONE44 HPC SLX MOLOTOV/BLACK 2025,,Cube
CUBE STEREO HYBRID ONE44 HPC TM DUSTYOLIVE/GOLD 2025,,Cube
CUBE STEREO HYBRID ONE44 HPC AT CARBON/GOLD 2025,,Cube
CUBE STEREO HYBRID ONE44 HPC AT ACTIONTEAM 2025,,Cube
CUBE STEREO HYBRID ONE44 HPC SLT LIQUIDLAVA/BLACK 2025,,Cube
CUBE STEREO HYBRID ONE77 HPC RACE SLAPGREY/PRISM 2025,,Cube
CUBE STEREO HYBRID ONE77 HPC RACE LIQUIDORANGE/ORANGE 2025,,Cube
CUBE STEREO HYBRID ONE77 HPC RACE DAZZLE/BLACK 2025,,Cube
CUBE STEREO HYBRID ONE77 HPC SLX BLACKLINE 2025,,Cube
CUBE STEREO HYBRID ONE77 HPC SLX DESERTSTONE/BLACK 2025,,Cube
CUBE STEREO HYBRID ONE77 HPC SLX CYCLAMEN/BLACK 2025,,Cube
CUBE STEREO HYBRID ONE77 HPC TM DUSTYOLIVE/GOLD 2025,,Cube
CUBE STEREO HYBRID ONE77 HPC AT CARBON/GOLD 2025,,Cube
CUBE STEREO HYBRID ONE77 HPC AT ACTIONTEAM 2025,,Cube
CUBE STEREO HYBRID ONE77 HPC SLT SOLARECLIPSE/BRONZE 2025,,Cube
CUBE AMS HYBRID ONE44 C:68X RACE 400X 29 BLACKLINE 2025,,Cube
CUBE AMS HYBRID ONE44 C:68X SLX 400X 29 DEEPCOBALT/BLACK 2025,,Cube
CUBE AMS HYBRID ONE44 C:68X TM 400X 29 SWAMPGREY/PURPLEREFLEX 2025,,Cube
CUBE AMS HYBRID ONE44 C:68X SLT 400X 29 CARBON/GOLDDUST 2025,,Cube
CUBE AMS HYBRID ONE44 C:68X SUPER TM 400X 29 DUSTYOLIVE/GOLD 2025,,Cube
CUBE REACTION HYBRID PERFORMANCE 500 NIGHT/BLACK 2025,,Cube
CUBE REACTION HYBRID PERFORMANCE 625 NIGHT/BLACK 2025,,Cube
CUBE REACTION HYBRID PERFORMANCE 500 GOLDENLIME/BLACK 2025,,Cube
CUBE REACTION HYBRID PERFORMANCE 625 GOLDENLIME/BLACK 2025,,Cube
CUBE REACTION HYBRID PERFORMANCE 500 SKYLIGHTBLUE/WHITE 2025,,Cube
CUBE REACTION HYBRID ONE BLACKLINE 2025,,Cube
CUBE REACTION HYBRID ONE SILVER/BLACK 2025,,Cube
CUBE REACTION HYBRID ONE ORCHID/MINT 2025,,Cube
CUBE REACTION HYBRID PRO METALLICGREY/BLACK 2025,,Cube
CUBE REACTION HYBRID PRO DUSTYOLIVE/GOLD 2025,,Cube
CUBE REACTION HYBRID PRO SMARAGDGREY/PRISM 2025,,Cube
CUBE REACTION HYBRID RACE BLACK/METAL 2025,,Cube
CUBE REACTION HYBRID RACE LIZARD/BLACK 2025,,Cube
CUBE REACTION HYBRID RACE DESERTGREEN/PRISM 2025,,Cube
CUBE REACTION HYBRID RACE ALLROAD BLACK/METAL 2025,,Cube
CUBE REACTION HYBRID SLX SAGEBRUSHGREEN/PRISM 2025,,Cube
CUBE REACTION HYBRID SLX NEBULA/BLUE 2025,,Cube
CUBE REACTION HYBRID SLX SPECTRAORANGE/VIOLET 2025,,Cube
CUBE REACTION HYBRID SLX ALLROAD SAGEBRUSHGREEN/PRISM 2025,,Cube
CUBE REACTION HYBRID SLT SOLARECLIPSE/BRONZE 2025,,Cube
CUBE REACTION HYBRID SLT METALLICWHITE/BLACK 2025,,Cube
CUBE TOURING HYBRID ONE 500 DEEPSEA/CHROME 2025,,Cube
CUBE TOURING HYBRID ONE 625 DEEPSEA/CHROME 2025,,Cube
CUBE TOURING HYBRID ONE 500 COTTON/BLACK 2025,,Cube
CUBE TOURING HYBRID ONE 625 COTTON/BLACK 2025,,Cube
CUBE TOURING HYBRID PRO 625 METALLICGREY/CHROME 2025,,Cube
CUBE TOURING HYBRID PRO 625 CINNAMON/ORANGE 2025,,Cube
CUBE KATHMANDU HYBRID ONE SHADOWGREY/BLACK 2025,,Cube
CUBE KATHMANDU HYBRID ONE POLARWHITE/BLACK 2025,,Cube
CUBE KATHMANDU HYBRID PRO SLAPGREY/CHROME 2025,,Cube
CUBE KATHMANDU HYBRID PRO DUSTYOLIVE/GOLD 2025,,Cube
CUBE KATHMANDU HYBRID COMFORT PRO NIGHT/CHROME 2025,,Cube
CUBE KATHMANDU HYBRID COMFORT PRO ELECTRICRED/RED 2025,,Cube
CUBE KATHMANDU HYBRID EX HAZE/BLACK 2025,,Cube
CUBE KATHMANDU HYBRID EX ELECTRICBLUE/CHROME 2025,,Cube
CUBE KATHMANDU HYBRID EXC BLACK/PRISM 2025,,Cube
CUBE KATHMANDU HYBRID EXC LIZARD/JUNIPER 2025,,Cube
CUBE KATHMANDU HYBRID SLX GRAPHITE/BLACK 2025,,Cube
CUBE KATHMANDU HYBRID SLX SMARAGDGREY/BLACK 2025,,Cube
CUBE KATHMANDU HYBRID COMFORT SLX NIGHTSKY/INK 2025,,Cube
CUBE KATHMANDU HYBRID SLT GOLDDUST/BLACK 2025,,Cube
CUBE KATHMANDU HYBRID C:62 SLX 400X CARBON/BLACK 2025,,Cube
CUBE KATHMANDU HYBRID C:62 SLT 400X STELLAR/ORIGANOGREEN 2025,,Cube
CUBE SUPREME HYBRID COMFORT ONE 500 METALLICWHITE/BLACK 2025,,Cube
CUBE SUPREME HYBRID COMFORT PRO 500 GREY/LUNAR 2025,,Cube
CUBE SUPREME HYBRID COMFORT PRO 625 GREY/LUNAR 2025,,Cube
CUBE SUPREME HYBRID COMFORT PRO 500 FIRERED/BLACK 2025,,Cube
CUBE SUPREME HYBRID COMFORT PRO 625 FIRERED/BLACK 2025,,Cube
CUBE SUPREME HYBRID COMFORT SLX 625 BLACK/METAL 2025,,Cube
CUBE SUPREME HYBRID COMFORT SLX 625 ALOEGREEN/BLACK 2025,,Cube
CUBE SUPREME HYBRID DELUXE ONE 625 SLATEBLACK/BLACK 2025,,Cube
CUBE SUPREME HYBRID DELUXE ONE 625 ELECTRICBLUE/BLACK 2025,,Cube
CUBE SUPREME HYBRID DELUXE PRO 625 NIGHT/BLACK 2025,,Cube
CUBE SUPREME HYBRID DELUXE PRO 625 AMARONE/GREY 2025,,Cube
CUBE SUPREME HYBRID DELUXE SLX 625 POLARGREY/WHITE 2025,,Cube
CUBE SUPREME HYBRID DELUXE SLT 625 GOLDDUST/BLACK 2025,,Cube
CUBE ELLA HYBRID 500 SPHEREBLUE/CREME 2025,,Cube
CUBE ELLA HYBRID 500 MATCHAGREEN/GREEN 2025,,Cube
CUBE ELLA HYBRID 500 OLDPINK/PLUM 2025,,Cube
CUBE NUROAD HYBRID C:62 RACE 400X DESERTSTONE/GREEN 2025,,Cube
CUBE NUROAD HYBRID C:62 RACE FE 400X DESERTSTONE/GREEN 2025,,Cube
CUBE NUROAD HYBRID C:62 SLX 400X CARBON/GLOSSY 2025,,Cube
CUBE NUROAD HYBRID C:62 SLX FE 400X CARBON/GLOSSY 2025,,Cube
CUBE NUROAD HYBRID C:62 SLT 400X SOLARECLIPSE/BRONZE 2025,,Cube
CUBE NULANE HYBRID C:62 RACE 400X SAGEBRUSHGREEN/PRISM 2025,,Cube
CUBE NULANE HYBRID C:62 RACE FE 400X SAGEBRUSHGREEN/PRISM 2025,,Cube
CUBE NULANE HYBRID C:62 SLX 400X NEBULA/BLUE 2025,,Cube
CUBE NULANE HYBRID C:62 SLX FE 400X NEBULA/BLUE 2025,,Cube
CUBE COMPACT HYBRID COMFORT 500 FLASHGREY/SMOKE 2025,,Cube
CUBE COMPACT HYBRID COMFORT 500 ARUBABLUE/REFLEX 2025,,Cube
CUBE COMPACT HYBRID 500 COTTON/REFLEX 2025,,Cube
CUBE COMPACT HYBRID 500 LIZARD/REFLEX 2025,,Cube
CUBE FOLD HYBRID COMFORT 500 PEARLYSILVER/WHITE 2025,,Cube
CUBE FOLD HYBRID COMFORT 500 ELECTRICBLUE/REFLECT 2025,,Cube
CUBE FOLD HYBRID 500 SAGEBRUSHGREEN/PRISM 2025,,Cube
CUBE FOLD HYBRID 500 MERLOTRED/REFLEX 2025,,Cube
CUBE LONGTAIL HYBRID FAMILY 725 GREY/REFLEX 2025,,Cube
CUBE EDITOR HYBRID PRO 400X BLACK/SPECTRAL 2025,,Cube
CUBE EDITOR HYBRID PRO FE 400X BLACK/SPECTRAL 2025,,Cube
CUBE EDITOR HYBRID SLX 400X SLEEKGREY/SPECTRAL 2025,,Cube
CUBE EDITOR HYBRID SLX FE 400X SLEEKGREY/SPECTRAL 2025,,Cube
CUBE EDITOR HYBRID SLT 400X GOBLIN/GLOSSY 2025,,Cube
CUBE EDITOR HYBRID SLT FE GOBLIN/GLOSSY 2025,,Cube
CUBE LITENING AIR C:68X FRAMESET LIMITED EDITION 2025,,Cube
CUBE AIM ONE TROPICAL/FIREORANGE 2025,,Cube
