Enviliv Advanced Pro 2 Disc,,Giant
Enviliv Advanced Pro 1 Disc,,Giant
XtC Jr 20 Kids Bike,,Giant
XtC Jr Disc 24 Kids Bike,,Giant
Trance E+ 0 Pro Electric Bike,,Giant
Trance E+ 1 Pro Electric Bike,,Giant
Trance E+ 2 Pro Electric Bike,,Giant
Trance E+ 3 Pro Electric Bike,,Giant
Vall-E+ 2 Electric Bike,,Giant
Vall-E+ 3 Electric Bike,,Giant
Trance E+ 0 Pro Electric Bike (625Wh Version),,Giant
Trance E+ 1 Pro Electric Bike (625Wh),,Giant
Vall-E+ 1 Pro Electric Bike,,Giant
Vall-E+ 2 Pro Electric Bike,,Giant
Ease-E+ 2 Low Step Through,,Giant
