LP ZESTY/SPICY ROCKER LINKAGE,,Raleigh
LP ZESTY/SPICY MIDDLE SPACER,,Raleigh
E-ASX 160 UNIVERSAL ALUMINUM,,Raleigh
E-ASX 160 ESSENTIAL ALUMINUM,,Raleigh
E-TERU B ADVANCED,,Raleigh
E-TERU B PRO,,Raleigh
CHOPPER 20/14 SPACE BLUE,,Raleigh
CHOPPER 20/14 FIZZY LEMON,,Raleigh
CURVE E 500WH,,Raleigh
POP 12/8.5 R BLUE,,Raleigh
POP 14/8.5 R ORANGE,,Raleigh
POP 16/9 R GREEN,,Raleigh
POP 20/11 R BLUE,,Raleigh
POP 24/13 R BLUE,,Raleigh
POP 26/14 R KHAKI,,Raleigh
LAPIERRE APPROVED BIKES GRADE A,,Raleigh
CROSSHILL CF 5.0,,Raleigh
CROSSHILL CF 6.0 AXS,,Raleigh
CROSSHILL CF 8.0,,Raleigh
E-SENSIUM 2.2,,Raleigh
E-CROSSHILL 5.2,,Raleigh
eZESTY AM 8.4,,Raleigh
eZESTY AM 9.4,,Raleigh
eZESTY AM LTD,,Raleigh
OVERVOLT GLP ELITE,,Raleigh
OVERVOLT GLP III TEAM,,Raleigh
E-EXPLORER 4.5,,Raleigh
E-EXPLORER 6.5 LS,,Raleigh
OVERVOLT HT 4.5 HIGH,,Raleigh
OVERVOLT HT 4.5 MID,,Raleigh
OVERVOLT HT 5.5 HIGH,,Raleigh
OVV HT 7.6 LOW,,Raleigh
OVV HT 7.6 MIX,,Raleigh
OVERVOLT HT 6.6 HIGH,,Raleigh
OVV HT 8.7,,Raleigh
OVERVOLT HT 8.8 HIGH,,Raleigh
OVERVOLT TR 6.7,,Raleigh
OVERVOLT AM 4.6,,Raleigh
OVERVOLT AM 7.7,,Raleigh
OVERVOLT AM 7.8,,Raleigh
OVERVOLT AM 8.7,,Raleigh
OVERVOLT AM 9.8,,Raleigh
PULSIUM 5.0,,Raleigh
PULSIUM 6.0,,Raleigh
PULSIUM 7.0,,Raleigh
PULSIUM 8.0,,Raleigh
SPICY CF 7.9,,Raleigh
SPICY CF TEAM,,Raleigh
XELIUS DRS 6.0,,Raleigh
XELIUS DRS 7.0,,Raleigh
XELIUS SL 8.0 AXS,,Raleigh
XELIUS DRS 8.0,,Raleigh
XELIUS DRS 9.0,,Raleigh
ZESTY TR 5.9,,Raleigh
ZESTY CF 7.9,,Raleigh
MODUM ELECTRIC BIKE,,Raleigh
PIONEER GRAND TOUR LOW STEP FRAME BURGUNDY/SILVER,,Raleigh
RALEIGH APPROVED BIKES GRADE A,,Raleigh
PIONEER LOW STEP FRAME BLACK/SILVER,,Raleigh
PIONEER TOUR LOW STEP FRAME BLUE/SILVER,,Raleigh
PIONEER TRAIL CROSSBAR FRAME GREEN/BLACK,,Raleigh
ARRAY CBAR LG 50 700 SLV/BLUE,,Raleigh
RALEIGH APPROVED BIKES GRADE B,,Raleigh
ARRAY OPEN MD 45 700 SLV/BLUE,,Raleigh
CENTROS CROSS BAR DERAILLEUR 700C/48CM SM BLUE,,Raleigh
CENTROS CROSSBAR HUB 700C/48CM SM GREEN,,Raleigh
MOTUS GT LOWSTEP DERAILLEUR 700/41CM XSÂ  CREAM,,Raleigh
MOTUS GT LOWSTEP HUB 700/41CM XS BLACK,,Raleigh
MOTUS TOUR CROSSBAR DERAILLEUR 700C/53CM MD BLACK,,Raleigh
MOTUS TOUR CROSSBAR HUB 53CM MD RED,,Raleigh
Raleigh Trace Blue,,Raleigh
RAL SHERWOOD 700C/17 BLUE W,,Raleigh
STRADA CROSSBAR FRAME BLACK/GREY,,Raleigh
STRADA CITY CROSSBAR FRAME BLACK/BLUE,,Raleigh
RAL STOWEWAY FOLDER BLUE,,Raleigh
STRIDE 3 TRIKE 20/26 BLACK,,Raleigh
TI Team Replica,,Raleigh
RAL WILLOW 700C/17 PURPLE W,,Raleigh
ALLTRACK YOUTH,,Raleigh
ALLTRACK 9 29,,Raleigh
ALLTRACK 6.5,,Raleigh
ALLTRACK 10,,Raleigh
ALLTRACK 7 29,,Raleigh
ALLTRACK 7,,Raleigh
TREKKING 4 HIGH BLUE,,Raleigh
ALLTRACK 4 27.5,,Raleigh
ALLTRACK 6 V2,,Raleigh
HAIBIKE APPROVED BIKES GRADE A,,Raleigh
ALLTRACK 5 27.5,,Raleigh
ALLTRACK 6 V1,,Raleigh
TREKKING 7 LOW ANTHRACITE,,Raleigh
TREKKING 8 LOW,,Raleigh
ALLMTN 4,,Raleigh
ALLMTN 5 - platinum/black - gloss,,Raleigh
ALLMTN 7 GREEN CARAMEL,,Raleigh
ALLMTN CF 11,,Raleigh
ADVENTR FS 10,,Raleigh
ALLTRAIL 5,,Raleigh
ALLTRAIL 8,,Raleigh
ALLTRAIL 3,,Raleigh
ALLTRAIL 6 27.5 - Space Blue + Met. Caramel,,Raleigh
ALLTRAIL 6 27.5 - Warm grey + Neon Yellow,,Raleigh
TREKKING 5 HIGH,,Raleigh
TREKKING 5 LOW,,Raleigh
TREKKING 7,,Raleigh
TREKKING 7.5 HIGH,,Raleigh
TREKKING 8 HIGH,,Raleigh
TREKKING 6.5,,Raleigh
TREKKING 3 HIGH,,Raleigh
ADVENTR 8,,Raleigh
ADVENTR 8.5,,Raleigh
TREKKING 3 MID,,Raleigh
TREKKING 4 HIGH - dark silver/pearl - matt,,Raleigh
ADVENTR SE,,Raleigh
TREKKING 4 LOW - dark silver/pearl - matt,,Raleigh
TREKKING 5 HIGH - Acacia Haze Met. + Red,,Raleigh
TREKKING 5 LOW - Acacia Haze Met. + Red,,Raleigh
TREKKING 11 HIGH,,Raleigh
TREKKING 11 LOW,,Raleigh
ADVENTR FS 9,,Raleigh
ALLMTN 2 GREY LEMON,,Raleigh
ALLMTN 6,,Raleigh
ADVENTR FS 11,,Raleigh
ALLMTN 3,,Raleigh
ALLMTN CF 8,,Raleigh
ALLMTN 10,,Raleigh
NDURO 6,,Raleigh
NDURO 8 FREERIDE,,Raleigh
LYKE 10,,Raleigh
LYKE CF 10,,Raleigh
LYKE 11,,Raleigh
LYKE SE,,Raleigh
